date,open,high,low,close,Adj Close,volume
2013-05-31,1625.099976,1652.900024,1598.150024,1605.599976,1526.296753,410598
2013-06-03,1599.949951,1599.949951,1548.349976,1568.550049,1491.076782,432366
2013-06-04,1555.650024,1588.75,1539.300049,1546.800049,1470.401123,431388
2013-06-05,1550.099976,1576.300049,1533.25,1568.25,1490.791504,621196
2013-06-06,1558.800049,1598.800049,1550,1587.099976,1508.710571,498248
2013-06-07,1565,1583.5,1545,1554.900024,1478.10083,780953
2013-06-10,1575,1580.949951,1510.150024,1521.849976,1446.683472,503982
2013-06-11,1512,1521,1481,1490.449951,1416.834229,675122
2013-06-12,1486,1490,1461.900024,1479.650024,1406.567749,469660
2013-06-13,1459,1461.5,1430,1456.599976,1384.656128,690959
2013-06-14,1482,1520,1471.650024,1514.150024,1439.363525,383703
2013-06-17,1535.099976,1551.400024,1505.099976,1535.25,1459.421509,533292
2013-06-18,1535,1547,1521,1538.550049,1462.558594,529919
2013-06-19,1529.199951,1549.5,1524,1543.75,1467.501831,389004
2013-06-20,1520,1540.900024,1493.25,1525.150024,1449.820313,505078
2013-06-21,1520,1559.900024,1511.75,1554.650024,1477.863403,433570
2013-06-24,1546,1572,1531.800049,1544.449951,1468.166992,707604
2013-06-25,1540,1557.199951,1502.25,1545.199951,1468.880005,484805
2013-06-26,1546.199951,1557.900024,1513.599976,1544.75,1468.452148,408512
2013-06-27,1560,1565,1511.199951,1521.199951,1446.06543,493875
2013-06-28,1540,1549.199951,1517.099976,1537.75,1461.797974,444718
2013-07-01,1540,1622.400024,1515,1605.449951,1526.154175,856025
2013-07-02,1590.5,1619,1572.5,1578.650024,1500.677734,589430
2013-07-03,1561,1581,1555.650024,1560.949951,1483.852173,173724
2013-07-04,1570,1577,1533.050049,1557.349976,1480.429932,278194
2013-07-05,1571,1575,1549,1554.550049,1477.768311,273858
2013-07-08,1545,1563,1530,1551.050049,1474.441284,311166
2013-07-09,1544,1549,1521,1543.849976,1467.59668,467745
2013-07-10,1537.050049,1549.650024,1530,1543.5,1467.264038,344394
2013-07-11,1560,1579.099976,1497.25,1505.550049,1431.188477,543696
2013-07-12,1495,1505.050049,1438.5,1447.949951,1376.433472,945429
2013-07-15,1449,1465,1433.150024,1446.599976,1375.149902,522612
2013-07-16,1429,1429.900024,1401,1411.25,1341.546021,817379
2013-07-17,1412.25,1432.800049,1401.5,1421.150024,1350.957153,1141103
2013-07-18,1415,1456,1407.199951,1445.550049,1374.1521,714436
2013-07-19,1450.25,1462,1432.099976,1451.5,1379.807983,403857
2013-07-22,1437,1466.5,1435,1448.449951,1376.908569,324022
2013-07-23,1442.300049,1464,1439.699951,1448.699951,1377.14624,451305
2013-07-24,1437,1443.800049,1402.099976,1416.050049,1346.109009,405613
2013-07-25,1420.400024,1452.150024,1402.25,1414,1344.160034,1896090
2013-07-26,1448,1448,1352.699951,1375.400024,1307.466797,1226137
2013-07-29,1375,1378.099976,1335.800049,1348.199951,1281.610229,710715
2013-07-30,1349.900024,1362.800049,1340.5,1342.400024,1276.09668,459744
2013-07-31,1336,1336,1292,1326.300049,1260.791992,500776
2013-08-01,1326,1359.599976,1322.25,1340.300049,1274.100464,797570
2013-08-02,1358,1363.849976,1327.650024,1337.699951,1271.62854,360939
2013-08-05,1345.25,1361.800049,1332.050049,1343.900024,1277.522583,178344
2013-08-06,1330,1358.75,1309.25,1331.949951,1266.16272,301434
2013-08-07,1345,1349.900024,1302,1330.849976,1265.116943,456603
2013-08-08,1331.099976,1392.400024,1331.099976,1385.050049,1316.640137,1398921
2013-08-12,1392.25,1409,1372.199951,1380.199951,1312.029663,700028
2013-08-13,1355,1412.849976,1355,1396.949951,1335.694336,1031827
2013-08-14,1398,1424,1385,1391.199951,1330.196411,530381
2013-08-16,1389.150024,1389.199951,1317.150024,1325.099976,1266.994873,1464791
2013-08-19,1320,1336.800049,1300,1308.449951,1251.074951,429786
2013-08-20,1300,1306.699951,1268.599976,1297.900024,1240.987671,916913
2013-08-21,1313,1324.849976,1275,1284.449951,1228.127563,926580
2013-08-22,1284.199951,1299,1232.599976,1285.699951,1229.322754,1030562
2013-08-23,1299.900024,1324,1266.050049,1293,1236.30249,621224
2013-08-26,1300,1318.300049,1294.449951,1308.150024,1250.78833,438706
2013-08-27,1299.900024,1306.949951,1240,1260.25,1204.988525,929746
2013-08-28,1238,1249,1215,1236.349976,1182.136597,1150637
2013-08-29,1240.5,1263.800049,1223.300049,1250.599976,1195.761841,573972
2013-08-30,1246,1249,1225,1243.550049,1189.020874,758972
2013-09-02,1240.25,1307.599976,1233,1300,1242.995483,537411
2013-09-03,1315,1319.599976,1254.5,1276.050049,1220.095825,627614
2013-09-04,1269,1282.800049,1242,1276.5,1220.526123,656723
2013-09-05,1290,1314.349976,1290,1299.599976,1242.613159,531076
2013-09-06,1311,1311.949951,1277,1288.400024,1231.904297,473918
2013-09-10,1305,1349.949951,1300,1336.650024,1278.038574,857196
2013-09-11,1351,1388.800049,1346.300049,1360.800049,1301.129639,1255303
2013-09-12,1367.949951,1376,1315.550049,1320.900024,1262.979248,523296
2013-09-13,1315,1335,1301,1315.900024,1258.198242,534719
2013-09-16,1343.349976,1379.300049,1334.449951,1359.900024,1300.269043,707004
2013-09-17,1362,1388.800049,1360,1375.800049,1315.471802,478211
2013-09-18,1385,1405,1377,1401.849976,1340.379395,413270
2013-09-19,1441,1503.400024,1441,1480,1415.102661,1132596
2013-09-20,1479.900024,1482,1401,1467.25,1402.911621,751243
2013-09-23,1450,1454.400024,1388,1401.25,1339.805664,500010
2013-09-24,1390,1442,1387,1410.800049,1348.93689,517200
2013-09-25,1414.900024,1423,1376.150024,1393.199951,1332.108765,326342
2013-09-26,1415,1423,1380.099976,1387.550049,1326.706543,537625
2013-09-27,1391.900024,1407.699951,1361.550049,1366.949951,1307.01001,599199
2013-09-30,1366,1373.650024,1340,1358.550049,1298.978271,406918
2013-10-01,1364.050049,1410,1364,1380.199951,1319.678833,931358
2013-10-03,1394.949951,1420,1375.199951,1412.349976,1350.418945,650153
2013-10-04,1410.5,1434.949951,1406.050049,1428.5,1365.860718,666373
2013-10-07,1425,1432.699951,1402.050049,1410.199951,1348.363159,329756
2013-10-08,1420,1423.849976,1400,1406.599976,1344.921143,411447
2013-10-09,1407,1407,1386.199951,1398.5,1337.17627,481828
2013-10-10,1399,1425.199951,1398.25,1421.099976,1358.785278,617290
2013-10-11,1436.099976,1470,1413.099976,1464,1399.804077,762748
2013-10-14,1465.25,1479,1442.400024,1446.900024,1383.454224,697237
2013-10-15,1452,1473.199951,1431,1439.900024,1376.760986,413066
2013-10-17,1440.050049,1451.800049,1418,1427.050049,1364.474609,316070
2013-10-18,1432,1472.5,1428.099976,1468.75,1404.345947,490221
2013-10-21,1470.349976,1542.75,1470.099976,1519.949951,1453.300903,877353
2013-10-22,1523,1536,1505.300049,1514.599976,1448.185425,351924
2013-10-23,1516.800049,1545,1482.5,1528.849976,1461.810547,534863
2013-10-24,1528,1549.75,1499.949951,1513.900024,1447.516235,580715
2013-10-25,1501.099976,1533.099976,1490,1508.699951,1442.544067,432129
2013-10-28,1510.349976,1529,1503,1513.349976,1446.990356,919522
2013-10-29,1590.900024,1646.5,1565.75,1635.25,1563.544922,4085346
2013-10-30,1641,1659.900024,1625,1636.650024,1564.883667,951167
2013-10-31,1626.099976,1646.699951,1617.25,1636.199951,1564.453369,760636
2013-11-01,1642,1655.849976,1626.25,1636.150024,1564.405518,733492
2013-11-05,1645,1645,1617.199951,1623.25,1552.071167,491093
2013-11-06,1622,1644,1610,1614.550049,1543.752686,526949
2013-11-07,1610.300049,1644.900024,1602.400024,1610.800049,1540.167236,496581
2013-11-08,1605.099976,1610,1557.5,1580.550049,1511.243652,740937
2013-11-11,1580,1604,1561.300049,1582.550049,1513.156006,509621
2013-11-12,1591.5,1622,1582.099976,1587.099976,1517.50647,720325
2013-11-13,1580,1594,1573,1579.5,1510.239624,446748
2013-11-14,1596.699951,1625,1591.449951,1612.599976,1541.888184,633129
2013-11-18,1627.699951,1635.150024,1612.050049,1629.349976,1557.903687,642611
2013-11-19,1630,1691.099976,1625.449951,1682.550049,1608.770996,1253144
2013-11-20,1690,1700,1643.099976,1649.849976,1577.504883,612988
2013-11-21,1654.900024,1667.699951,1638.849976,1647,1574.779663,591465
2013-11-22,1662,1676.75,1636.25,1640.150024,1568.230225,822901
2013-11-25,1653,1689.800049,1646.300049,1678.900024,1605.281006,730897
2013-11-26,1680,1688,1654.550049,1663.300049,1590.365112,395917
2013-11-27,1668.050049,1670,1641,1659.949951,1587.161743,571218
2013-11-28,1669,1675,1648.150024,1666.650024,1593.568115,888680
2013-11-29,1670,1692.650024,1667.150024,1676.150024,1602.651489,502124
2013-12-02,1670,1682.300049,1656.599976,1661.400024,1588.54834,495575
2013-12-03,1660,1686.849976,1652.25,1663.25,1590.317017,572128
2013-12-04,1652.300049,1669.800049,1633.949951,1639.75,1567.847778,428767
2013-12-05,1667.150024,1708.699951,1667.150024,1700.150024,1625.599121,1947489
2013-12-06,1705.75,1717.650024,1694,1701.5,1626.889893,834899
2013-12-09,1738.900024,1770,1709.5,1763.75,1686.410278,1184977
2013-12-10,1763,1780.599976,1746,1751.800049,1674.984375,1048021
2013-12-11,1743.300049,1775.900024,1735,1753,1676.131714,668007
2013-12-12,1748,1748,1710.400024,1714.800049,1639.606934,478485
2013-12-13,1710,1719.949951,1682.599976,1689.599976,1615.511963,577334
2013-12-16,1687,1714.900024,1676,1701.599976,1626.985718,428119
2013-12-17,1710.199951,1731.699951,1694.949951,1701.900024,1627.272583,552326
2013-12-18,1703.75,1740.849976,1695.400024,1729.949951,1654.092285,791839
2013-12-19,1741,1798,1725.25,1780.550049,1702.473633,1469454
2013-12-20,1795,1830,1774.949951,1809.650024,1730.297607,1493300
2013-12-23,1809,1819.900024,1795.599976,1802.400024,1723.365479,681383
2013-12-24,1795,1802.550049,1775.25,1788.800049,1710.361938,409326
2013-12-26,1785,1803.75,1778.449951,1793.599976,1714.951416,362435
2013-12-27,1790.25,1800.699951,1763,1775.050049,1697.214844,503568
2013-12-30,1785,1794.849976,1768,1777.199951,1699.270508,358010
2013-12-31,1780.099976,1784.949951,1757.550049,1763.900024,1686.553833,303542
2014-01-01,1770,1776.900024,1756.550049,1764,1686.649292,214453
2014-01-02,1759,1814.800049,1759,1768.400024,1690.856445,1565710
2014-01-03,1766,1808.650024,1752.25,1798.599976,1719.732056,583504
2014-01-06,1805,1819.400024,1792.550049,1807.699951,1728.433228,549379
2014-01-07,1838,1854.25,1820.099976,1845.75,1764.814697,1614578
2014-01-08,1850,1860,1827.050049,1837.5,1756.926392,1398622
2014-01-09,1858.800049,1859,1801.099976,1811.800049,1732.353516,947521
2014-01-10,1811.099976,1814.550049,1768,1794.099976,1715.429565,670378
2014-01-13,1800,1814.75,1765,1782.75,1704.577271,559984
2014-01-14,1783,1791.800049,1759.099976,1773.349976,1695.589478,530939
2014-01-15,1790,1807,1767.099976,1800.099976,1721.166382,612338
2014-01-16,1803.099976,1810.800049,1785,1789.849976,1711.365723,429527
2014-01-17,1778.199951,1808.800049,1766.300049,1775.199951,1697.358276,310359
2014-01-20,1774,1797.349976,1762,1778.199951,1700.226685,340046
2014-01-21,1782,1812.699951,1782,1801.900024,1722.887329,541958
2014-01-22,1805.5,1819,1795,1807.849976,1728.576538,424767
2014-01-23,1796.099976,1819.900024,1788.449951,1793.800049,1715.1427,493794
2014-01-24,1784.900024,1804.900024,1769.25,1774.25,1696.449951,377713
2014-01-27,1755,1755,1690,1702.300049,1627.654907,923081
2014-01-28,1715,1751.5,1540.400024,1566,1497.331543,6599087
2014-01-29,1615.199951,1697.800049,1615.199951,1673.849976,1600.452393,6737926
2014-01-30,1668,1674,1625.599976,1635.900024,1564.166504,1651215
2014-01-31,1655,1655,1620.849976,1636.25,1564.501221,729347
2014-02-03,1620,1660,1613.050049,1618.5,1547.529419,957497
2014-02-04,1601,1630,1590,1619.650024,1548.628906,703285
2014-02-05,1619,1623.099976,1602.099976,1606.699951,1536.24707,627278
2014-02-06,1610.199951,1644.949951,1593,1639.699951,1567.799805,1237835
2014-02-07,1654.949951,1670.400024,1648.5,1664.949951,1591.942627,921283
2014-02-10,1665,1701.599976,1665,1688.849976,1614.794556,896683
2014-02-11,1690.25,1698,1668.099976,1678.150024,1604.563965,294694
2014-02-12,1685,1689.800049,1643.099976,1647.699951,1575.449219,442825
2014-02-13,1646,1658.800049,1632.5,1641.25,1569.28186,439092
2014-02-14,1642,1653.550049,1615.650024,1643.400024,1571.337524,451950
2014-02-17,1635,1674.900024,1635,1665.699951,1592.659668,617227
2014-02-18,1675,1733.650024,1666.099976,1708.449951,1633.535156,954637
2014-02-19,1714,1721,1692,1698.099976,1623.639038,341015
2014-02-20,1697,1706,1674.199951,1683.300049,1609.488159,344996
2014-02-21,1686.099976,1702.400024,1671.550049,1675.599976,1602.125732,340948
2014-02-24,1675,1695,1645.800049,1684.400024,1610.539795,326898
2014-02-25,1690.099976,1693.900024,1672.400024,1678,1604.42041,245384
2014-02-26,1668,1684.099976,1651,1664.050049,1591.082275,584837
2014-02-28,1640,1659.050049,1573,1589,1519.32312,1768632
2014-03-03,1582,1616.900024,1575,1582.199951,1512.821045,1060385
2014-03-04,1577,1603,1550,1597.400024,1527.354736,797764
2014-03-05,1614.699951,1636.949951,1593.550049,1625.400024,1554.127075,728060
2014-03-06,1629.699951,1657,1618,1650.449951,1578.078369,422906
2014-03-07,1655,1747,1640.199951,1735.050049,1658.968994,944177
2014-03-10,1730,1817.25,1716.650024,1801.099976,1722.122559,1324717
2014-03-11,1804,1811.699951,1744.800049,1754.150024,1677.231201,703249
2014-03-12,1725,1791,1680,1764.050049,1686.697388,1443683
2014-03-13,1766,1790.900024,1733,1747.349976,1670.72937,641720
2014-03-14,1715,1756.349976,1710,1738.449951,1662.219604,588996
2014-03-18,1900,1909,1852.25,1868.199951,1786.280151,1795672
2014-03-19,1873,1889,1850.75,1869.75,1787.762207,621508
2014-03-20,1869,1874.800049,1848.050049,1856.550049,1775.141113,310199
2014-03-21,1856.550049,1879.25,1856.550049,1868.550049,1786.61499,284182
2014-03-22,null,null,null,null,null,null
2014-03-24,1877.650024,1903,1873.25,1886.300049,1803.58667,329812
2014-03-25,1881,1912,1875.849976,1901.699951,1818.311279,395158
2014-03-26,1911,1949,1911,1937.099976,1852.159058,634815
2014-03-27,1941,1968.400024,1920.150024,1935.550049,1850.677002,825829
2014-03-28,1935.900024,1956.550049,1920.099976,1931.400024,1846.708862,326409
2014-03-31,1937.949951,1980,1925,1971.75,1885.289673,437613
2014-04-01,1976,1980,1922.099976,1930.849976,1846.182983,288560
2014-04-02,1935,1948.699951,1922.849976,1933.199951,1848.430054,268932
2014-04-03,1940,1964.400024,1927,1939.699951,1854.644897,307539
2014-04-04,1940,1950,1917.150024,1927.199951,1842.692993,195927
2014-04-07,1925,1936,1872,1904.949951,1821.418579,319401
2014-04-09,1890,1940,1876,1932.5,1847.76062,698363
2014-04-10,1933,1973.5,1916.099976,1959.949951,1874.006958,486855
2014-04-11,1941,1948.699951,1923.150024,1935.699951,1850.820313,504763
2014-04-15,1924.300049,1948.599976,1904,1927.199951,1842.692993,228758
2014-04-16,1929.25,1964.800049,1926.449951,1935.25,1850.390015,371554
2014-04-17,1937.5,1961.5,1915.900024,1951.349976,1865.78418,337629
2014-04-21,1953.449951,2001,1953.449951,1988.300049,1901.114014,481905
2014-04-22,1998.949951,2006.849976,1967,1975.599976,1888.970703,323792
2014-04-23,1984.900024,1994,1969,1982.050049,1895.137939,398691
2014-04-24,1982.050049,1982.050049,1982.050049,1982.050049,1895.137939,0
2014-04-25,1990,1994,1917,1956.199951,1870.421509,1064921
2014-04-28,1950,1966.800049,1936.949951,1950.449951,1864.923706,258675
2014-04-29,1955,1961,1910.300049,1916.5,1832.46228,335612
2014-04-30,1921.099976,1940.800049,1911,1923,1838.677124,243902
2014-05-02,1895,1908.699951,1880.050049,1883.400024,1800.813721,324650
2014-05-05,1883,1916.400024,1866,1897.849976,1814.630127,352889
2014-05-06,1899,1916.050049,1883,1910.25,1826.48645,239206
2014-05-07,1905.199951,1907.199951,1878.099976,1881.25,1798.758057,246112
2014-05-08,1888,1900,1876.199951,1896.599976,1813.434814,180796
2014-05-09,1880,1983.75,1880,1974.849976,1888.25354,457287
2014-05-12,1975,2064.850098,1965.050049,2049.899902,1960.012817,555623
2014-05-13,2080,2120,2042.550049,2090.350098,1998.689087,528807
2014-05-14,2092,2120,2059.5,2085.199951,1993.764526,329237
2014-05-15,2082,2127,2078,2117.850098,2024.983398,441637
2014-05-16,2200,2318.5,2140.100098,2152.149902,2057.779053,808438
2014-05-19,2190,2250,2190,2214.649902,2117.53833,490566
2014-05-20,2222,2236.800049,2182.550049,2194,2097.794189,225127
2014-05-21,2201,2209.949951,2166,2169.199951,2074.081055,186665
2014-05-22,2204.949951,2287,2204.949951,2264.800049,2165.489502,679922
2014-05-23,2278.699951,2403,2265.350098,2385.850098,2281.231445,397790
2014-05-26,2407.5,2505,2314.050049,2341.300049,2238.635254,778712
2014-05-27,2345.949951,2368,2289,2302.050049,2201.105957,241821
2014-05-28,2290,2360.300049,2285.25,2309.949951,2208.659668,352579
2014-05-29,2303.100098,2337.699951,2255.050049,2305.850098,2204.739502,352983
2014-05-30,2314.149902,2339.949951,2254,2271.800049,2172.182617,189180
2014-06-02,2270,2340.350098,2270,2324.300049,2222.380615,246577
2014-06-03,2344.699951,2356.800049,2310,2336.850098,2234.380127,372134
2014-06-04,2339.300049,2393.050049,2338,2372.050049,2268.036865,296026
2014-06-05,2410,2427,2367.149902,2381.199951,2276.785645,553410
2014-06-06,2402,2412.899902,2380,2392.050049,2287.159424,252012
2014-06-09,2415,2449,2387.050049,2435.149902,2328.369385,315081
2014-06-10,2475,2484,2411,2464.300049,2356.241455,559445
2014-06-11,2470,2482.5,2433,2448.550049,2341.182373,395488
2014-06-12,2420,2488.350098,2406.75,2480.850098,2372.065918,446513
2014-06-13,2485,2496,2393.550049,2403.350098,2297.964355,328108
2014-06-16,2399,2409,2360.5,2381.149902,2276.737305,225806
2014-06-17,2388,2422.5,2381,2414.449951,2308.577393,190284
2014-06-18,2415,2449,2400,2435,2328.226318,501190
2014-06-19,2441,2449,2371,2380.050049,2275.685791,305893
2014-06-20,2363.25,2397.350098,2362,2366.399902,2262.634277,135952
2014-06-23,2392,2394.949951,2351.050049,2380.300049,2275.925049,158501
2014-06-24,2390,2422,2389.199951,2414.600098,2308.720947,217974
2014-06-25,2414.949951,2528,2391.100098,2471,2362.647949,430866
2014-06-26,2485,2503.949951,2437.5,2486.899902,2377.850586,539042
2014-06-27,2480.050049,2480.050049,2440,2454.699951,2347.062256,151990
2014-06-30,2454.949951,2469.5,2428.199951,2439.350098,2332.385742,240672
2014-07-01,2453.800049,2605.399902,2446.600098,2583.800049,2470.501465,1505073
2014-07-02,2593.800049,2665,2568.25,2641.949951,2526.101563,775548
2014-07-03,2650,2662,2615,2629.899902,2514.580078,395691
2014-07-04,2627,2654.300049,2616.649902,2642.5,2526.627441,346996
2014-07-07,2649,2660,2618.600098,2638.850098,2523.137695,252391
2014-07-08,2660,2661.149902,2578,2589.649902,2476.095215,325370
2014-07-09,2607,2607,2492.199951,2516.449951,2406.10498,406355
2014-07-10,2517,2630,2490,2531.699951,2420.686035,349298
2014-07-11,2525,2560.949951,2472,2504.649902,2394.821777,273178
2014-07-14,2482,2525.550049,2482,2509.649902,2399.603027,142260
2014-07-15,2526,2549.350098,2507,2518.449951,2408.016846,171337
2014-07-16,2524.949951,2584.800049,2502,2572.149902,2459.362061,255637
2014-07-17,2575,2579.75,2527.25,2560.350098,2448.079834,214428
2014-07-18,2550,2553.199951,2505,2524.600098,2413.897217,260815
2014-07-21,2524.600098,2573,2524.600098,2541.350098,2429.912842,238243
2014-07-22,2545.800049,2561,2493.649902,2513.399902,2403.188477,236100
2014-07-23,2525.149902,2529.449951,2479,2490.050049,2380.862305,253475
2014-07-24,2500,2511,2485,2498.699951,2389.133057,288868
2014-07-25,2497,2537,2496.899902,2509.300049,2399.268311,230984
2014-07-28,2510,2525,2492.600098,2505.5,2395.634766,182179
2014-07-30,2509.949951,2560,2485,2552.449951,2440.526123,189655
2014-07-31,2564.75,2590,2511.399902,2524.050049,2413.371338,958095
2014-08-01,2510,2626.550049,2509,2586,2472.60498,943610
2014-08-04,2590,2660,2571.399902,2645.699951,2529.687012,480503
2014-08-05,2653.699951,2675,2628.600098,2665.850098,2548.953613,412319
2014-08-06,2654,2670,2630.350098,2637,2521.368896,238191
2014-08-07,2629.5,2667,2629.5,2649.399902,2533.224854,286075
2014-08-08,2629,2635,2593.5,2622.600098,2507.600586,266242
2014-08-11,2639,2672,2635.050049,2664.550049,2547.710693,226565
2014-08-12,2672,2684.949951,2647.199951,2664.25,2547.423584,223239
2014-08-13,2653.300049,2674.949951,2643,2650.949951,2534.706787,186796
2014-08-14,2645,2693,2645,2666.550049,2549.622803,311544
2014-08-18,2651.149902,2722.5,2651.149902,2703.550049,2585.000732,359547
2014-08-19,2715,2760,2712.199951,2749.300049,2628.744629,404906
2014-08-20,2749,2755,2724.949951,2737.850098,2617.796631,212477
2014-08-21,2743.949951,2771,2738.100098,2750.550049,2629.939697,206504
2014-08-22,2756,2767.899902,2729,2754.850098,2634.05127,192631
2014-08-25,2781,2824.949951,2779.199951,2805.850098,2682.814697,390940
2014-08-26,2785,2799.899902,2755,2772.399902,2650.831299,295099
2014-08-27,2785,2798.649902,2760.75,2769.25,2659.330322,308090
2014-08-28,2775,2803.699951,2761.699951,2784.5,2673.974609,444326
2014-09-01,2804,2930,2792,2912.800049,2797.182129,640846
2014-09-02,2929,2966,2907.800049,2915.050049,2799.342773,431825
2014-09-03,2940,2942,2897,2908.550049,2793.101074,423897
2014-09-04,2910,2923.550049,2883.100098,2897.75,2782.729736,254066
2014-09-05,2872,2901.949951,2859.899902,2880.75,2766.404053,262632
2014-09-08,2875,2924.399902,2856,2915.649902,2799.918701,393871
2014-09-09,2930,2932,2903,2910,2794.493408,194446
2014-09-10,2891.050049,2919.949951,2885,2906.949951,2791.564209,185112
2014-09-11,2905,2924,2876.25,2917.100098,2801.311523,280993
2014-09-12,2921,2979,2921,2971.800049,2853.840332,453657
2014-09-15,2970.899902,2974.399902,2930,2962.600098,2845.005371,287604
2014-09-16,2955,2980.300049,2931,2950.350098,2833.241699,360771
2014-09-17,2950,2985,2916.25,2967.199951,2849.422852,313982
2014-09-18,2978,3060,2960,3042.699951,2921.92627,369872
2014-09-19,3045.199951,3094,3030,3082.399902,2960.050049,276972
2014-09-22,3074.300049,3085,3041.5,3066.199951,2944.49292,228956
2014-09-23,3079,3112,3054.100098,3061.800049,2940.268066,331237
2014-09-24,3075,3090,3031,3071.800049,2949.871094,211358
2014-09-25,3075,3100,3043,3057.25,2935.898438,318285
2014-09-26,3040.300049,3087,2961.899902,3038,2917.412598,290099
2014-09-29,3036,3037,3001.850098,3008.149902,2888.747559,217945
2014-09-30,3018,3078,3013.800049,3062.850098,2941.276367,293390
2014-10-01,3048,3081.899902,2961.149902,2970.949951,2853.023926,513843
2014-10-07,2971,2994,2934,2938.649902,2822.005859,295318
2014-10-08,2939,2968,2924.050049,2951.100098,2833.961914,283872
2014-10-09,2961,3013.550049,2961,3006.199951,2886.875,292837
2014-10-10,2990.100098,2995,2942,2966.199951,2848.462646,249861
2014-10-13,2941,2980,2925.050049,2972.850098,2854.848633,158747
2014-10-14,2980.100098,2992.699951,2957.100098,2962.100098,2844.525391,176342
2014-10-15,2962.100098,2962.100098,2962.100098,2962.100098,2844.525391,0
2014-10-16,2956.100098,2980,2912,2936.850098,2820.278076,168761
2014-10-17,2940,2960.699951,2902,2941.100098,2824.358887,283917
2014-10-20,2978,3014.800049,2978,3003.699951,2884.473877,196994
2014-10-21,3015,3084.75,3010,3075.699951,2953.616211,220013
2014-10-22,3092,3189,3085.399902,3177.199951,3051.087402,398874
2014-10-27,3171,3190,3105.5,3169.699951,3043.88501,160160
2014-10-28,3169.699951,3169.699951,3130.050049,3151.350098,3026.263428,220379
2014-10-29,3166,3219,3145.399902,3205.399902,3078.167725,228343
2014-10-30,3221.850098,3299,3171,3240.25,3111.634766,1274329
2014-10-31,3265,3350,3246.25,3337.25,3204.784668,902391
2014-11-03,3330,3334,3276,3286.850098,3156.38501,452092
2014-11-05,3295,3327.850098,3280,3288.949951,3158.401611,267172
2014-11-07,3286,3318.699951,3249.149902,3288.350098,3157.825684,302843
2014-11-10,3285,3315,3268.050049,3307.800049,3176.503418,207284
2014-11-11,3298,3334.899902,3291.149902,3329,3196.862061,213365
2014-11-12,3329,3371.300049,3310,3359.75,3226.391357,261098
2014-11-13,3370,3396,3321.699951,3328.550049,3196.429932,235947
2014-11-14,3329.100098,3344,3320.300049,3329.550049,3197.390137,115687
2014-11-17,3321.949951,3370,3313.100098,3341.199951,3208.577637,186565
2014-11-18,3341,3376.75,3324.550049,3364.600098,3231.049316,276896
2014-11-19,3378,3395,3323.600098,3343.399902,3210.69043,213795
2014-11-20,3343,3364.800049,3312,3335.5,3203.104248,164288
2014-11-21,3333.050049,3364,3305.550049,3355.050049,3221.87793,261401
2014-11-24,3350.350098,3363.100098,3334,3353.100098,3220.005371,156584
2014-11-25,3358,3388,3281.649902,3288.850098,3158.305664,343894
2014-11-26,3280,3306.899902,3248.699951,3284,3153.648438,223306
2014-11-27,3286.699951,3305.399902,3257.199951,3263.449951,3133.913574,244311
2014-11-28,3279,3359.699951,3276,3346.199951,3213.37915,275680
2014-12-01,3341,3432,3335,3389.149902,3254.624512,510490
2014-12-02,3395,3395,3352.050049,3356.850098,3223.606689,165773
2014-12-03,3365.850098,3414.699951,3365.850098,3391.5,3256.881104,286735
2014-12-04,3392,3415,3384.199951,3406.850098,3271.62207,199285
2014-12-05,3411,3417,3390,3410.100098,3274.74292,140056
2014-12-08,3430,3440,3366.100098,3379.850098,3245.693604,203336
2014-12-09,3390,3390,3319.800049,3336.550049,3204.112061,221590
2014-12-10,3323.050049,3345,3303.199951,3323.399902,3191.484131,236136
2014-12-11,3325,3352,3286.75,3341.100098,3208.481689,156314
2014-12-12,3352,3394.399902,3342.300049,3379.300049,3245.165527,241538
2014-12-15,3374,3379.899902,3346.300049,3368.75,3235.033936,135240
2014-12-16,3345,3383.699951,3301.5,3309.850098,3178.472412,217196
2014-12-17,3290,3315,3250.75,3261.949951,3132.473145,267012
2014-12-18,3300,3399.25,3270.050049,3385.300049,3250.927246,283235
2014-12-19,3401,3462,3350.25,3359.399902,3226.055176,473560
2014-12-22,3381.949951,3412.5,3358.100098,3393.5,3258.801758,194933
2014-12-23,3395,3424,3385.100098,3398.699951,3263.79541,202035
2014-12-24,3400,3420,3332.800049,3365.5,3231.913086,403056
2014-12-26,3367,3388.699951,3326,3333.100098,3200.799316,210882
2014-12-29,3335.050049,3380,3335.050049,3347.199951,3214.3396,211257
2014-12-30,3350,3368.649902,3339.449951,3347.25,3214.387451,109577
2014-12-31,3305,3341.899902,3299.75,3329.800049,3197.630127,281626
2015-01-01,3320.25,3360,3320.25,3340.75,3208.145508,299232
2015-01-02,3360,3383,3350.5,3359.600098,3226.247314,233924
2015-01-05,3382,3469.350098,3376.050049,3447.800049,3310.946533,536747
2015-01-06,3439,3439,3382.5,3395.25,3260.482422,422743
2015-01-07,3400,3458.949951,3382.050049,3437.75,3301.29541,369241
2015-01-08,3465,3509.550049,3444,3475.5,3337.547119,422022
2015-01-09,3500,3507.699951,3429.949951,3468.199951,3330.536865,194054
2015-01-12,3470,3483.649902,3445.149902,3462.899902,3325.447021,152803
2015-01-13,3483.800049,3515,3462.100098,3468.25,3330.584961,237771
2015-01-14,3471.850098,3531,3461.300049,3516,3376.439453,429069
2015-01-15,3550.350098,3638.649902,3540,3625.800049,3481.881348,670686
2015-01-16,3615.25,3625,3592.050049,3616.600098,3473.046387,379075
2015-01-19,3627.699951,3642.5,3615.199951,3626.25,3482.313232,192537
2015-01-20,3618,3636,3584.5,3605.550049,3462.435059,333315
2015-01-21,3623,3690,3592,3634.699951,3490.427734,402419
2015-01-22,3648,3648,3592.100098,3597.25,3454.464355,318883
2015-01-23,3634,3639.75,3575,3606.699951,3463.539063,337571
2015-01-27,3644.949951,3704.699951,3585.149902,3687.899902,3541.516357,1278436
2015-01-28,3692,3758.5,3692,3725.800049,3577.911865,672705
2015-01-29,3745,3745,3677,3688.800049,3542.380371,603103
2015-01-30,3700,3741,3626.550049,3647.350098,3502.575928,284786
2015-02-02,3647.350098,3725,3620,3669.449951,3523.798584,319679
2015-02-03,3708,3708,3600,3607.850098,3464.643311,220676
2015-02-04,3620,3634,3550.5,3557.550049,3416.340088,203545
2015-02-05,3579,3597,3508,3522.699951,3382.873291,379633
2015-02-06,3529.75,3533.5,3490,3502.600098,3363.571289,198214
2015-02-09,3490,3497.199951,3400,3411.300049,3275.895508,286868
2015-02-10,3393,3478,3360,3393.850098,3259.137939,547537
2015-02-11,3406,3470.800049,3406,3454.75,3317.620605,341769
2015-02-12,3468,3559.75,3468,3551.899902,3410.914307,436882
2015-02-13,3565,3627,3531.300049,3616.949951,3473.382324,321186
2015-02-16,3620,3650,3561.5,3572.100098,3430.312988,260901
2015-02-18,3575,3584,3547.050049,3564.949951,3423.446289,161803
2015-02-19,3575,3615,3562.149902,3595.149902,3452.447754,214789
2015-02-20,3610,3614,3542,3547.350098,3406.545166,240749
2015-02-23,3561,3575,3532.850098,3545.899902,3405.152832,163132
2015-02-24,3573.850098,3600,3553.199951,3588.300049,3445.869629,143983
2015-02-25,3595,3615,3564.100098,3579.899902,3437.802734,173339
2015-02-26,3567.300049,3581.899902,3483.149902,3496.850098,3358.049561,429598
2015-02-27,3497,3618.850098,3496.850098,3604.399902,3461.330322,378654
2015-02-28,null,null,null,null,null,null
2015-03-02,3648.100098,3730,3632.25,3711.449951,3564.131348,386182
2015-03-03,3718,3734.350098,3689.550049,3708.649902,3561.442383,206296
2015-03-04,3750,3789.699951,3647.25,3678.399902,3532.393066,340907
2015-03-05,3677,3711.25,3641.350098,3678.75,3532.729492,152837
2015-03-09,3632.300049,3690.899902,3623,3671.300049,3525.574951,218786
2015-03-10,3689,3689,3640.25,3646.75,3501.999756,182667
2015-03-11,3642.050049,3672,3615.350098,3656.449951,3511.314453,198508
2015-03-12,3667.399902,3719.949951,3662.100098,3685.199951,3538.92334,308505
2015-03-13,3705,3717.199951,3625.100098,3650.699951,3505.79248,363024
2015-03-16,3651,3677,3637.800049,3647.050049,3502.287354,182829
2015-03-17,3665,3688.949951,3623.550049,3661.550049,3516.211914,185250
2015-03-18,3663,3678,3642.300049,3664.899902,3519.429199,177261
2015-03-19,3671,3695,3648,3655,3509.922363,252139
2015-03-20,3640,3672.800049,3610,3623.850098,3480.008789,206403
2015-03-23,3625.050049,3639.199951,3583.050049,3594.399902,3451.727051,192986
2015-03-24,3625,3635,3567.050049,3587.300049,3444.909424,227226
2015-03-25,3590,3628.899902,3573.300049,3614.75,3471.269775,201854
2015-03-26,3605,3622.949951,3537.949951,3561.449951,3420.085205,489101
2015-03-27,3570,3619.75,3545.600098,3610.050049,3466.756592,204071
2015-03-30,3629,3674,3600.449951,3660.949951,3515.635986,152167
2015-03-31,3659.850098,3727.699951,3659.850098,3697.350098,3550.591309,294635
2015-04-01,3699.949951,3757.550049,3600,3644.699951,3500.030762,694487
2015-04-06,3646,3670.899902,3619,3628.949951,3484.906006,262771
2015-04-07,3640,3650,3578,3599.899902,3457.008789,306684
2015-04-08,3615,3664.899902,3606,3628.699951,3484.666016,256031
2015-04-09,3639,3667,3625,3659.199951,3513.955322,238584
2015-04-10,3660,3688.350098,3633.399902,3666.600098,3521.061768,201302
2015-04-13,3661,3680,3642.75,3665.199951,3519.717285,218690
2015-04-15,3655,3729,3650.399902,3680.25,3534.169678,232802
2015-04-16,3676.25,3718.699951,3662.25,3677.899902,3531.913086,206305
2015-04-17,3666.149902,3682.899902,3636.350098,3646.800049,3502.047607,99056
2015-04-20,3627,3648.399902,3584.600098,3608.050049,3464.835693,175033
2015-04-21,3605,3607.25,3470,3490.149902,3351.615234,482786
2015-04-22,3491.050049,3508.100098,3386.100098,3462.949951,3325.495117,422446
2015-04-23,3490,3535.550049,3480,3494.449951,3355.744873,234616
2015-04-24,3486,3565,3434.100098,3541.399902,3400.831299,332449
2015-04-27,3563.199951,3684,3520.199951,3648.399902,3503.583984,1804129
2015-04-28,3664,3838.800049,3660,3822.600098,3670.869629,1129937
2015-04-29,3839,3873,3746.649902,3766.199951,3616.708252,703698
2015-04-30,3760,3793,3709.949951,3725.850098,3577.959717,592304
2015-05-04,3797,3840,3726.75,3757.75,3608.593506,478823
2015-05-05,3753,3805,3736.550049,3793.050049,3642.492676,458196
2015-05-06,3788,3788,3623.550049,3634.550049,3490.283936,430929
2015-05-07,3626,3626,3520,3543.600098,3402.943848,469950
2015-05-08,3561.449951,3620,3561.449951,3610.550049,3467.236572,495595
2015-05-11,3633.899902,3674.399902,3616.149902,3651.699951,3506.753174,288810
2015-05-12,3650,3652.949951,3555,3577.449951,3435.449951,332314
2015-05-13,3620,3632,3544.399902,3604.100098,3461.042725,337505
2015-05-14,3604.949951,3653.5,3552,3646.5,3501.759521,287801
2015-05-15,3640,3684,3626,3671.199951,3525.479248,208258
2015-05-18,3675,3706.399902,3652,3697.600098,3550.831055,183483
2015-05-19,3695,3729.899902,3685,3706.75,3559.61792,175567
2015-05-20,3707.100098,3749.949951,3707,3711.899902,3564.563477,218115
2015-05-21,3711.899902,3729.899902,3691.449951,3698.100098,3551.311279,198709
2015-05-22,3703,3728.800049,3694.600098,3702.550049,3555.584717,135158
2015-05-25,3696.199951,3717,3681,3692.75,3546.173828,81113
2015-05-26,3696,3730,3672,3726.449951,3578.535889,252919
2015-05-27,3700,3750,3699,3721.899902,3574.166504,283565
2015-05-28,3726,3738.949951,3696.050049,3708.899902,3561.682373,317937
2015-05-29,3720,3788.949951,3693.050049,3785.699951,3635.434326,432656
2015-06-01,3785.899902,3898.949951,3774.399902,3882.850098,3728.728027,571376
2015-06-02,3880,3887.300049,3815.050049,3831.399902,3679.320068,329350
2015-06-03,3805,3820,3752,3777.199951,3627.271729,277700
2015-06-04,3799,3813,3747,3772.050049,3622.326172,193996
2015-06-05,3769,3799.899902,3751,3759.449951,3610.226074,253728
2015-06-08,3786,3804.550049,3716,3723.5,3575.703125,303682
2015-06-09,3710,3726.949951,3675.800049,3692.300049,3545.741455,209963
2015-06-10,3702.949951,3748.899902,3694.149902,3742.550049,3593.996826,239272
2015-06-11,3752.050049,3778.949951,3691.350098,3701.399902,3554.480225,226654
2015-06-12,3701.100098,3755,3695.5,3736.800049,3588.475342,173412
2015-06-15,3737.5,3789.899902,3731,3767.399902,3617.860596,175936
2015-06-16,3767.399902,3810.550049,3744.699951,3789.600098,3639.179443,228783
2015-06-17,3805,3824.899902,3793,3808.75,3657.569336,291820
2015-06-18,3813,3891.949951,3812,3861.100098,3707.841309,232645
2015-06-19,3879,3949.5,3862,3937.350098,3781.064697,309290
2015-06-22,3955.050049,3994.899902,3955.050049,3980.649902,3822.645996,230791
2015-06-23,3982,4028.5,3955.300049,4017.149902,3857.697266,330957
2015-06-24,4024,4035.649902,3987.050049,4009.300049,3850.158691,306048
2015-06-25,3984,4043.699951,3983.600098,4031.5,3871.477539,240888
2015-06-26,4026,4077.399902,4006.149902,4069.949951,3908.401367,291925
2015-06-29,4020,4025.75,3961.100098,3993.300049,3834.793701,344044
2015-06-30,3985.25,4060,3985.25,4023.350098,3863.651367,340789
2015-07-01,4034.899902,4089.850098,4026,4031.699951,3871.669434,380963
2015-07-02,4031.5,4049,3981.149902,3993.399902,3834.889893,322025
2015-07-03,3993.399902,4020,3977.100098,3998.899902,3840.171387,279389
2015-07-06,3984.899902,4005,3975.050049,3987.949951,3829.65625,332811
2015-07-07,3989,4003.800049,3955.699951,3972.149902,3814.483398,287981
2015-07-08,3950,3969,3907,3949,3792.252441,252360
2015-07-09,3950,3967.899902,3928.5,3935.649902,3779.432129,128065
2015-07-10,3949.699951,3962,3918.899902,3934.399902,3778.231689,184572
2015-07-13,3958.699951,4040,3940,4035.25,3875.078857,335198
2015-07-14,4049.699951,4058.949951,4020.149902,4050.649902,3889.867432,251002
2015-07-15,4071,4179.950195,4071,4152.149902,3987.338379,551469
2015-07-16,4166,4190,4156,4178.149902,4012.306885,321651
2015-07-17,4186,4228.950195,4164.100098,4193,4026.566895,241023
2015-07-20,4208,4219,4161.100098,4176.049805,4010.289551,207897
2015-07-21,4176.950195,4194.950195,4141.450195,4152.850098,3988.010498,146004
2015-07-22,4139.799805,4199,4134,4191.149902,4024.790527,305466
2015-07-23,4198.899902,4245.5,4193.049805,4234.049805,4065.987793,229845
2015-07-24,4237.950195,4261.899902,4205.399902,4234.200195,4066.132324,226189
2015-07-27,4241.549805,4241.549805,4166.600098,4178.100098,4012.258789,220316
2015-07-28,4207.899902,4242,4151.600098,4196.950195,4030.36084,940179
2015-07-29,4224.899902,4309.5,4171.200195,4273.700195,4104.064453,819323
2015-07-30,4310,4318,4281.049805,4296.450195,4125.910645,294361
2015-07-31,4297,4359,4284.200195,4331.450195,4159.521973,297226
2015-08-03,4380,4439,4380,4427.049805,4251.32666,341893
2015-08-04,4449,4453.950195,4411.450195,4438.799805,4262.61084,313075
2015-08-05,4457,4484,4422.25,4471.649902,4294.156738,198485
2015-08-06,4461,4478.350098,4430.049805,4452.100098,4275.382813,184121
2015-08-07,4450.700195,4468.200195,4430.100098,4452.950195,4276.199707,144268
2015-08-10,4470,4507.950195,4446,4497.149902,4318.644531,241899
2015-08-11,4510,4534,4465.049805,4504.299805,4325.510254,216773
2015-08-12,4504.299805,4504.299805,4504.299805,4504.299805,4325.510254,0
2015-08-13,4477,4522.700195,4430.149902,4492.850098,4314.515625,261773
2015-08-14,4509.5,4589,4490.5,4572.5,4391.003906,181419
2015-08-17,4584.950195,4587,4535.5,4549.799805,4369.204102,157066
2015-08-18,4555,4648,4536,4634,4450.062988,172443
2015-08-19,4627,4687,4605.700195,4671.850098,4486.409668,255128
2015-08-20,4630,4692.399902,4601.25,4634.149902,4450.207031,279387
2015-08-21,4611,4613.850098,4529,4567.350098,4386.058105,310480
2015-08-24,4350,4452.549805,4207.549805,4241.799805,4073.429932,930804
2015-08-25,4299,4369,4062.100098,4199,4032.329102,915511
2015-08-26,4197,4256.399902,4111.399902,4207.049805,4064.25708,612412
2015-08-27,4255,4272.899902,4186,4203.75,4061.069092,795947
2015-08-28,4250,4292,4175,4205.850098,4063.098145,372560
2015-08-31,4199,4233,4142.350098,4167.200195,4025.759766,298281
2015-09-01,4170,4199.450195,4046.199951,4061.449951,3923.598877,605386
2015-09-02,4083,4089.949951,4010,4030,3893.216553,392078
2015-09-03,4059,4162.299805,4040.050049,4143.25,4002.622559,514445
2015-09-04,4137,4139.700195,4051.199951,4063.300049,3925.38623,316141
2015-09-07,4067.899902,4128.5,4045,4069.600098,3931.472656,300049
2015-09-08,4106,4155.850098,4077,4139.299805,3998.806641,292997
2015-09-09,4210,4319,4187.649902,4305.149902,4159.027344,589734
2015-09-10,4255,4317.950195,4225.149902,4301.450195,4155.453125,321362
2015-09-11,4329,4360,4308.600098,4317.75,4171.200195,281728
2015-09-14,4330,4347,4285,4319.5,4172.890625,207396
2015-09-15,4375.5,4419.100098,4320,4325,4178.204102,734807
2015-09-16,4377,4377,4330.100098,4355.600098,4207.765137,418079
2015-09-18,4379.299805,4478.299805,4355.600098,4400.850098,4251.479492,621252
2015-09-21,4397.950195,4509,4387.100098,4490.25,4337.845215,642858
2015-09-22,4508,4519.899902,4440.5,4473.049805,4321.228516,924289
2015-09-23,4459,4523,4413.25,4497.649902,4344.993652,880695
2015-09-24,4499.5,4604,4484.75,4566.649902,4411.651855,1098076
2015-09-28,4570,4615,4516.75,4536.25,4382.283691,684352
2015-09-29,4509.950195,4740,4467,4682.299805,4523.376465,1222175
2015-09-30,4710,4763.450195,4657.549805,4685.600098,4526.564941,835777
2015-10-01,4720,4721.899902,4570,4580.350098,4424.887207,1087189
2015-10-05,4570,4570,4389,4414.049805,4264.231445,1949365
2015-10-06,4449,4449,4338.049805,4354,4206.219727,1159174
2015-10-07,4352.25,4437.899902,4345.049805,4364.5,4216.363281,801302
2015-10-08,4380,4407,4332.200195,4353.75,4205.978027,726218
2015-10-09,4390,4397.200195,4262.75,4276.350098,4131.205566,816648
2015-10-12,4310.899902,4322.649902,4216.5,4231.850098,4088.215576,837794
2015-10-13,4231,4288,4229.149902,4273.850098,4128.790039,605082
2015-10-14,4270.899902,4295.600098,4242,4249.75,4105.507813,656029
2015-10-15,4269.899902,4389.149902,4261,4377.399902,4228.825195,982419
2015-10-16,4410,4461,4381.049805,4447,4296.063477,929525
2015-10-19,4465,4478,4408.100098,4458.950195,4307.60791,594941
2015-10-20,4467.899902,4516.700195,4441.649902,4508.75,4355.717285,675597
2015-10-21,4489,4524.700195,4450,4474.700195,4322.822754,316565
2015-10-23,4500.799805,4508,4371.100098,4380.899902,4232.207031,621558
2015-10-26,4400,4452,4375.799805,4385.149902,4236.3125,535165
2015-10-27,4409,4518,4376.600098,4497,4344.365723,1290318
2015-10-28,4530,4559,4472,4495.200195,4342.627441,989227
2015-10-29,4501.5,4512.549805,4419.25,4439.549805,4288.865723,907407
2015-10-30,4446,4467.899902,4400.100098,4449,4297.994629,738321
2015-11-02,4470,4525.049805,4425.200195,4495.75,4343.158203,603730
2015-11-03,4519.899902,4521.200195,4465.049805,4482.549805,4330.40625,320901
2015-11-04,4487.75,4536.549805,4455.100098,4520.549805,4367.116211,660804
2015-11-05,4518.950195,4555,4496.399902,4526.600098,4372.961426,406256
2015-11-06,4532.950195,4535.350098,4481.049805,4522.799805,4369.290527,361975
2015-11-09,4440,4639,4440,4628.200195,4471.113281,729714
2015-11-10,4649.5,4729.950195,4629.75,4712.700195,4552.744629,909977
2015-11-13,4734.450195,4737.25,4602.399902,4619.799805,4462.998047,983107
2015-11-16,4600,4664,4572.899902,4646.899902,4489.178223,644299
2015-11-17,4645.399902,4676.149902,4618,4632.25,4475.025879,638262
2015-11-18,4634.5,4652,4525,4533.25,4379.385742,725994
2015-11-19,4580.899902,4661.5,4571.049805,4650.350098,4492.510742,1030684
2015-11-20,4666,4766,4631,4737.899902,4577.089355,917455
2015-11-23,4730,4790,4702.350098,4736.25,4575.495117,1034126
2015-11-24,4724.049805,4724.049805,4621,4639.899902,4482.415527,1287988
2015-11-26,4659.950195,4659.950195,4577.950195,4606.549805,4450.197266,1436728
2015-11-27,4680,4680,4556.399902,4580.049805,4424.597656,1231876
2015-11-30,4586,4700,4492.100098,4555,4400.397461,10567769
2015-12-01,4609,4616,4531.350098,4556.200195,4401.556641,1506622
2015-12-02,4600,4627.350098,4556.200195,4618.799805,4462.031738,1123497
2015-12-03,4609,4644.700195,4600.5,4627.049805,4470.001465,567288
2015-12-04,4610,4634,4579.149902,4600.350098,4444.208496,581041
2015-12-07,4622,4640,4558,4564.200195,4409.285156,493623
2015-12-08,4540,4579.799805,4520,4542.549805,4388.370117,577670
2015-12-09,4538.799805,4542,4470,4479.100098,4327.07373,607147
2015-12-10,4495,4519.799805,4406.049805,4498.100098,4345.428711,506406
2015-12-11,4519.75,4528,4412,4480.75,4328.66748,532721
2015-12-14,4478.899902,4590,4471.5,4576.799805,4421.457031,484617
2015-12-15,4605,4634,4563.100098,4620,4463.191406,581111
2015-12-16,4655,4657.149902,4604,4619.399902,4462.611328,357572
2015-12-17,4650,4679,4573.850098,4666.75,4508.354492,443534
2015-12-18,4684.700195,4702,4611.5,4620.450195,4463.625977,682206
2015-12-21,4626.899902,4660,4616.25,4639.100098,4481.643066,274072
2015-12-22,4630,4644.950195,4602.049805,4617.200195,4460.486328,207127
2015-12-23,4635,4656,4620,4634.950195,4477.633789,227939
2015-12-24,4633.25,4634.350098,4586.149902,4598.399902,4442.324219,162732
2015-12-28,4598.399902,4645.950195,4588,4640,4482.512207,272134
2015-12-29,4641.950195,4655.899902,4612.799805,4636.899902,4479.518066,253128
2015-12-30,4637,4642.899902,4575,4587.200195,4431.504883,265170
2015-12-31,4587,4637,4566.299805,4621.950195,4465.075195,422019
2016-01-01,4621,4668,4602.350098,4638.5,4481.063477,243597
2016-01-04,4635,4657,4571.75,4580.649902,4425.176758,405501
2016-01-05,4599.950195,4600.75,4557.25,4566.950195,4411.941895,509285
2016-01-06,4592,4593,4468,4480.799805,4328.71582,593742
2016-01-07,4449.700195,4449.700195,4251.850098,4267.899902,4123.041992,1200069
2016-01-08,4286.299805,4325,4195.799805,4214.75,4071.696289,994652
2016-01-11,4190,4300,4117,4272.399902,4127.38916,865799
2016-01-12,4310,4324.799805,4260,4269,4124.104004,481142
2016-01-13,4298,4310,4221.350098,4291.25,4145.599609,431206
2016-01-14,4239,4289,4212.700195,4248.25,4104.059082,402026
2016-01-15,4265,4340,4254,4273.350098,4128.307129,592183
2016-01-18,4279,4289.25,4172.850098,4236.200195,4092.418213,396124
2016-01-19,4241,4244.950195,4165,4198.149902,4055.659912,499001
2016-01-20,4169.850098,4189.950195,4028.5,4058.949951,3921.183838,679992
2016-01-21,4084.949951,4084.949951,3870,3891.699951,3759.61084,1212801
2016-01-22,3942.949951,4119.899902,3930.149902,4104.950195,3965.623047,1063413
2016-01-25,4125.950195,4172,4073.899902,4081.350098,3942.82373,608634
2016-01-27,4131,4179,4092,4111.950195,3972.385498,886550
2016-01-28,4080,4139.899902,4031,4103.299805,3964.02832,1677354
2016-01-29,3925,4124,3923,4095.850098,3956.831543,2147231
2016-02-01,4100.899902,4119,3933.649902,3948.25,3814.241455,1904034
2016-02-02,3952.600098,3985,3851.550049,3874.949951,3743.429199,902619
2016-02-03,3870,3870,3784.649902,3828.350098,3698.411133,1101308
2016-02-04,3864,3881.899902,3774,3794.649902,3665.854492,597800
2016-02-05,3784.699951,3790,3693.300049,3723.399902,3597.022949,1245857
2016-02-08,3749,3789,3715.050049,3732.550049,3605.862549,559505
2016-02-09,3685,3689,3620,3657.100098,3532.973389,657011
2016-02-10,3639.850098,3718,3600,3678.550049,3553.695313,795377
2016-02-11,3651.100098,3664.300049,3518.5,3541.449951,3421.248535,1066224
2016-02-12,3570,3588,3461,3549.649902,3429.17041,1211696
2016-02-15,3605.949951,3724.899902,3604.399902,3711.25,3585.2854,1182286
2016-02-16,3725.25,3748.949951,3651.199951,3705.199951,3579.44043,753873
2016-02-17,3679.899902,3755,3661.5,3749.149902,3621.898682,652019
2016-02-18,3781.25,3796.850098,3622.100098,3653.25,3529.253906,1243826
2016-02-19,3640,3640,3559,3579.149902,3457.668945,718677
2016-02-22,3539,3545,3491.550049,3520.800049,3401.299561,1291463
2016-02-23,3530,3568.449951,3480,3487.399902,3369.032959,796836
2016-02-24,3499.949951,3530,3480,3489.699951,3371.254883,605914
2016-02-25,3509.649902,3510,3401,3414.149902,3298.269287,840542
2016-02-26,3452,3459.100098,3375.100098,3409.199951,3293.487305,831491
2016-02-29,3425,3434.949951,3193.25,3236.5,3126.648926,2218323
2016-03-01,3200.899902,3510,3200.899902,3494.399902,3375.79541,1924803
2016-03-02,3542.949951,3627.699951,3540.050049,3612.649902,3490.031982,1236996
2016-03-03,3625.800049,3647,3578,3608.649902,3486.167725,742263
2016-03-04,3619,3619,3526,3555.100098,3434.435547,610234
2016-03-08,3552.949951,3598.949951,3450.600098,3462.649902,3345.123047,1100041
2016-03-09,3454.850098,3600,3441.100098,3576.399902,3455.012451,752948
2016-03-10,3600,3634.699951,3573.399902,3627.199951,3504.088135,1016572
2016-03-11,3633.699951,3690,3616.050049,3641.199951,3517.613037,1002559
2016-03-14,3660,3684,3627.050049,3648.149902,3524.326904,483295
2016-03-15,3670,3679.899902,3615.5,3654.550049,3530.51001,688839
2016-03-16,3650,3675,3637.5,3667.350098,3542.875488,459188
2016-03-17,3686.350098,3750,3620,3635.449951,3512.05835,710449
2016-03-18,3640,3649.699951,3557.050049,3621.399902,3498.484863,1073782
2016-03-21,3630.100098,3678.800049,3605,3669.550049,3545.000977,474712
2016-03-22,3669,3735.949951,3652,3699.550049,3573.982422,713115
2016-03-23,3711.850098,3744,3666.449951,3736,3609.195313,586282
2016-03-28,3759,3777.800049,3629.949951,3638.949951,3515.439453,743468
2016-03-29,3649,3769,3645,3729.949951,3603.350342,686482
2016-03-30,3745,3749.899902,3684,3727.449951,3600.935303,872340
2016-03-31,3739.5,3748.75,3664,3716.300049,3590.163818,1223191
2016-04-01,3700.449951,3764.949951,3682,3723.199951,3596.82959,769731
2016-04-04,3735,3751.5,3676,3683.25,3558.235596,299849
2016-04-05,3676,3696.899902,3536.5,3554.850098,3434.194092,826024
2016-04-06,3568,3607.300049,3546,3573.050049,3451.776123,664480
2016-04-07,3556.5,3556.5,3450,3471,3353.189697,1221608
2016-04-08,3460,3474,3418.5,3430.649902,3314.209229,1631533
2016-04-11,3437,3488,3423,3478.649902,3360.580078,970375
2016-04-12,3470.199951,3609.850098,3465.050049,3573.699951,3452.404297,1404427
2016-04-13,3613,3745.350098,3606.600098,3731.600098,3604.945068,1107727
2016-04-18,3720.800049,3750,3680,3718.949951,3592.723877,999621
2016-04-20,3724.350098,3724.350098,3651,3670.050049,3545.483887,1830988
2016-04-21,3695,3737.25,3674,3705.300049,3579.537598,1928958
2016-04-22,3703,3833,3680.100098,3816.050049,3686.52832,1165761
2016-04-25,3806.100098,3842,3715.149902,3727.949951,3601.418457,838216
2016-04-26,3704.050049,3894,3691.899902,3871.550049,3740.144775,2782566
2016-04-27,3841.100098,3932.75,3830.25,3859.399902,3728.406982,1388262
2016-04-28,3819,3854,3735.100098,3747.949951,3620.739746,1821236
2016-04-29,3742,3820,3725,3794.649902,3665.854492,962848
2016-05-02,3799.899902,3840,3751.600098,3830.850098,3700.826172,762337
2016-05-03,3840.800049,3879,3795.699951,3819.949951,3690.295654,795697
2016-05-04,3800,3844,3796.050049,3811.550049,3682.181152,557609
2016-05-05,3825,3850,3802,3836.850098,3706.622314,485772
2016-05-06,3829.949951,3835,3802,3818.949951,3689.330078,411877
2016-05-09,3830,3878,3825,3846.5,3715.94458,771389
2016-05-10,3850.5,3897.050049,3835.100098,3844.800049,3714.30249,1094666
2016-05-11,3800,3898,3790,3890.050049,3758.016602,679706
2016-05-12,3884.850098,3909.800049,3841.5,3854.199951,3723.383301,857976
2016-05-13,3856,3877.899902,3828,3846.25,3715.703125,435056
2016-05-16,3870,3895,3840,3881.600098,3749.853516,878812
2016-05-17,3891.050049,3969,3886.25,3950.699951,3816.60791,865028
2016-05-18,3928.800049,3939,3805.050049,3914.899902,3782.023193,1921044
2016-05-19,3900,3940,3881,3926.600098,3793.326172,679821
2016-05-20,3883.800049,3959,3881.100098,3944.949951,3811.052979,485214
2016-05-23,3964,3968.300049,3900,3913.850098,3781.008789,348354
2016-05-24,3913.800049,3937.949951,3893.149902,3924.199951,3791.007568,283533
2016-05-25,3948,4072,3940,4060.949951,3923.116211,842663
2016-05-26,4064,4125,4027.199951,4118,3978.229736,1074664
2016-05-27,4114.700195,4162,4091.050049,4146.600098,4005.859131,880888
2016-05-30,4132,4155.200195,4054,4071.75,3933.549561,555311
2016-05-31,4060,4180,4055.050049,4161.600098,4020.350098,775477
2016-06-01,4170.700195,4199.950195,4150,4165.350098,4023.9729,647041
2016-06-02,4150,4194.950195,4124,4186.649902,4044.549316,411143
2016-06-03,4192.149902,4235,4180,4217.950195,4074.787842,591630
2016-06-06,4216,4217,4118,4142,4001.415283,443085
2016-06-07,4175,4188.950195,4118,4135.649902,3995.280762,471388
2016-06-08,4131,4169.799805,4124.700195,4160.100098,4018.901123,417715
2016-06-09,4152.049805,4189.75,4140,4169.149902,4027.643555,305434
2016-06-10,4165.100098,4197,4100,4111.5,3971.950439,464892
2016-06-13,4074,4150,4062,4134.75,3994.410889,385639
2016-06-14,4145,4155.899902,4096,4104.5,3965.187988,403193
2016-06-15,4125,4215,4112.100098,4209.600098,4066.721191,510807
2016-06-16,4160,4164,4062,4084.100098,3945.480469,1118517
2016-06-17,4115,4158,4093.449951,4114.5,3974.848633,951658
2016-06-20,4076.550049,4144.799805,4065.699951,4133.200195,3992.913818,667114
2016-06-21,4146,4168.100098,4109,4157.399902,4016.29248,512383
2016-06-22,4145,4180.5,4125.049805,4151.350098,4010.447998,417540
2016-06-23,4151.899902,4175,4120.450195,4168.600098,4027.112549,341093
2016-06-24,4053,4092.100098,3866.600098,4070.050049,3931.907227,1559787
2016-06-27,4061,4061,4004.100098,4025.100098,3888.48291,836629
2016-06-28,4041.100098,4081.949951,4040,4078.699951,3940.263428,626447
2016-06-29,4100,4141,4089.199951,4131.25,3991.030029,646945
2016-06-30,4179.899902,4200,4145.549805,4187.200195,4045.081543,770542
2016-07-01,4188.600098,4214.200195,4132,4165.399902,4024.020752,804652
2016-07-04,4171,4190.5,4155.75,4173.799805,4032.135498,343648
2016-07-05,4180,4202,4150,4173.350098,4031.700684,282439
2016-07-07,4181.100098,4189.899902,4125,4141.100098,4000.546143,325843
2016-07-08,4142,4175.649902,4126,4161.799805,4020.542969,261295
2016-07-11,4190,4285.899902,4189.950195,4272.049805,4127.050781,518428
2016-07-12,4300,4382,4291,4370.399902,4222.062988,688921
2016-07-13,4350,4360,4301,4321.399902,4174.726074,416940
2016-07-14,4326,4439,4326,4428.299805,4277.997559,637580
2016-07-15,4450,4493.549805,4404.5,4472.049805,4320.262695,654076
2016-07-18,4477,4564.399902,4432.399902,4454.75,4303.549805,684924
2016-07-19,4455.200195,4499,4440,4485.700195,4333.449707,378788
2016-07-20,4471.850098,4510,4452.049805,4469.149902,4317.460449,357560
2016-07-21,4489,4493.049805,4405.25,4413.700195,4263.893555,252227
2016-07-22,4421,4449,4405,4414.700195,4264.859375,339886
2016-07-25,4427,4565,4421,4550.549805,4396.098145,499616
2016-07-26,4575.149902,4584,4451.149902,4471.299805,4319.538086,1828186
2016-07-27,4510.299805,4628,4510,4558.149902,4403.440918,1212744
2016-07-28,4579,4784,4570.549805,4763.5,4601.820313,1879461
2016-07-29,4751,4824,4720.549805,4757.600098,4596.120605,799265
2016-08-01,4798.950195,4885,4772.25,4866.25,4701.083984,1206974
2016-08-02,4900,5039,4880,4986.049805,4816.816895,1611134
2016-08-03,5014.899902,5020,4853.149902,4873.850098,4708.425293,1019631
2016-08-04,4945,4945,4869.350098,4889.649902,4723.689453,727097
2016-08-05,4919,4965,4900,4941.649902,4773.923828,598288
2016-08-08,4980,5010,4960.049805,4991.75,4822.32373,474502
2016-08-09,5009.899902,5021.75,4915.399902,4960.850098,4792.472168,508711
2016-08-10,4975,4980,4850,4861.600098,4696.59082,512317
2016-08-11,4862.100098,4923.5,4805,4878.649902,4713.062012,623156
2016-08-12,4882,4940,4847.100098,4898.600098,4732.334961,686072
2016-08-16,4948,4948,4852,4864.200195,4699.103027,793106
2016-08-17,4860,4911.299805,4849.100098,4889.850098,4723.882324,498247
2016-08-18,4920.850098,4950,4901,4915.850098,4749,479572
2016-08-19,4916,4933.200195,4889.049805,4900.100098,4733.78418,426426
2016-08-22,4896,4897,4828,4837.75,4673.550781,292890
2016-08-23,4835.049805,4855.200195,4800,4833.799805,4669.734863,270869
2016-08-24,4890,4983.799805,4886.450195,4948.549805,4780.589355,952400
2016-08-25,4973.799805,4982.799805,4906.25,4933.700195,4766.244629,914319
2016-08-26,4934.799805,4964.899902,4910.100098,4920.899902,4753.878418,337715
2016-08-29,4925,4955,4920.899902,4927.399902,4760.157715,299611
2016-08-30,4955,5103.899902,4951,5067.649902,4895.647461,996156
2016-08-31,5063.899902,5103.850098,5036.299805,5053.649902,4916.075684,804288
2016-09-01,5074,5100,5019.299805,5060.75,4922.982422,870402
2016-09-02,5078,5188.649902,5075,5160.450195,5019.96875,956049
2016-09-06,5201,5335,5201,5319.700195,5174.883789,970024
2016-09-07,5319,5362,5290.100098,5336.049805,5190.787598,734051
2016-09-08,5321,5499,5319,5489.399902,5339.963379,942300
2016-09-09,5489.700195,5489.950195,5377.049805,5403,5255.915527,547599
2016-09-12,5305,5350,5251,5329,5183.930176,795632
2016-09-14,5330.049805,5384.75,5330.049805,5363.899902,5217.879883,539702
2016-09-15,5356,5461,5349.549805,5452.399902,5303.970703,704384
2016-09-16,5473,5619.899902,5473,5573.299805,5421.579102,1669960
2016-09-19,5569,5569,5485,5491.899902,5342.39502,632835
2016-09-20,5525,5560,5498.350098,5514.850098,5364.721191,423083
2016-09-21,5526,5542.5,5462.100098,5501.25,5351.491211,549370
2016-09-22,5565.350098,5634.100098,5564.950195,5597.100098,5444.731934,526494
2016-09-23,5630,5630,5565.600098,5601.799805,5449.303711,559592
2016-09-26,5586,5625,5555.549805,5568.899902,5417.299316,418297
2016-09-27,5598.950195,5599.950195,5500,5511.399902,5361.364258,427991
2016-09-28,5510.600098,5555,5506,5521.799805,5371.480957,449876
2016-09-29,5575,5577,5395,5438.600098,5290.546387,693217
2016-09-30,5420,5497.5,5382.600098,5477.299805,5328.192383,646631
2016-10-03,5661,5720,5631.799805,5681,5526.347656,840940
2016-10-04,5715.149902,5717.950195,5650,5680,5525.375,464913
2016-10-05,5707,5767,5673,5689.200195,5534.324707,644731
2016-10-06,5700,5745.600098,5700,5710.450195,5554.996094,416860
2016-10-07,5709.450195,5717.25,5667.299805,5683.799805,5529.071289,309473
2016-10-10,5724.899902,5734.399902,5695.950195,5712.350098,5556.844238,205840
2016-10-13,5690,5752.799805,5652.600098,5718.549805,5562.875488,441169
2016-10-14,5760.200195,5766.950195,5669.100098,5690.450195,5535.540527,352350
2016-10-17,5699,5699,5574.600098,5599.100098,5446.677246,400595
2016-10-18,5621,5645.350098,5580.100098,5626.700195,5473.525879,487798
2016-10-19,5633.700195,5647.899902,5593.049805,5604.600098,5452.027344,384608
2016-10-20,5615,5683.5,5615,5644.5,5490.841309,311728
2016-10-21,5650.5,5670,5616,5650.200195,5496.38623,224567
2016-10-24,5666,5748,5666,5713.899902,5558.352051,412403
2016-10-25,5734,5799,5725.649902,5781.450195,5624.063477,339506
2016-10-26,5796.600098,5898,5785,5869.100098,5709.32666,590811
2016-10-27,5897,5948,5789.100098,5860.149902,5700.620605,1864862
2016-10-28,5922,5928.549805,5865.75,5876.149902,5716.185059,935542
2016-11-01,5919,5974,5855.200195,5878.100098,5718.082031,1163831
2016-11-02,5805,5864.899902,5785,5794.600098,5636.855469,522312
2016-11-03,5799.899902,5859.899902,5780,5805.549805,5647.506836,585730
2016-11-04,5789,5789,5667.299805,5704.850098,5549.548828,679821
2016-11-07,5763,5784.850098,5708,5715.950195,5560.346191,532212
2016-11-08,5727.799805,5731,5581.5,5669,5514.674316,684050
2016-11-09,5305,5553,5305,5392.950195,5246.13916,1299603
2016-11-10,5505.5,5517.25,5305,5328.5,5183.443359,942971
2016-11-11,5290,5292.950195,5103,5134.25,4994.481445,1058491
2016-11-15,5101.899902,5119.049805,4806.399902,4846.600098,4714.662109,2793900
2016-11-16,4924,5009.399902,4901.549805,4990.799805,4854.936523,1952224
2016-11-17,5030,5048,4916.299805,4925.549805,4791.462891,668715
2016-11-18,4935,4989.899902,4887.899902,4950.899902,4816.123047,699355
2016-11-21,4990,4990,4765.299805,4787.450195,4657.122559,864696
2016-11-22,4830,4956,4825.549805,4934.549805,4800.217773,845997
2016-11-23,4945,4945,4860,4880.850098,4747.97998,757744
2016-11-24,4862,4883.899902,4804,4830.149902,4698.659668,550368
2016-11-25,4849,4905,4792.450195,4873.600098,4740.927246,669501
2016-11-28,4866,4913,4833,4893.75,4760.528809,1387068
2016-11-29,4898,5119,4896,5088.149902,4949.636719,874897
2016-11-30,5110.549805,5282,5100.100098,5266,5122.64502,1270618
2016-12-01,5266,5307.5,5204.25,5252.100098,5109.123535,1221883
2016-12-02,5220,5236.200195,5046,5068.100098,4930.132813,772281
2016-12-05,5063.899902,5219.899902,5055,5202.950195,5061.311523,578935
2016-12-06,5220,5261,5118.049805,5135.200195,4995.405762,646660
2016-12-07,5150.950195,5209.75,5035.049805,5116.649902,4977.360352,590462
2016-12-08,5172,5269.899902,5170,5234.600098,5092.100098,845955
2016-12-09,5290,5312.5,5201.200195,5235,5092.489258,562518
2016-12-12,5228,5228,5120.049805,5144.399902,5004.355469,357439
2016-12-13,5178.75,5207,5134.049805,5163.149902,5022.594727,484291
2016-12-14,5179.950195,5214.75,5130.200195,5141.049805,5001.09668,371699
2016-12-15,5099.950195,5197,5080,5152.049805,5011.796875,457317
2016-12-16,5174.5,5207,5151.200195,5188.649902,5047.400879,1170505
2016-12-19,5175,5195.450195,5104.049805,5115.049805,4975.804199,369118
2016-12-20,5135.899902,5147.5,5072,5108,4968.946289,377676
2016-12-21,5119.399902,5160,5073.549805,5137.850098,4997.983887,413072
2016-12-22,5144,5144,5053,5084.399902,4945.98877,399573
2016-12-23,5050,5214,5041,5197.149902,5055.669434,589006
2016-12-26,5179,5257.799805,5151.100098,5167.350098,5026.681152,510998
2016-12-27,5185,5237.399902,5117.200195,5224,5081.788086,486703
2016-12-28,5250,5278,5219.450195,5231.25,5088.84082,595514
2016-12-29,5217.200195,5349,5217.200195,5314.799805,5170.116211,655325
2016-12-30,5347,5377.899902,5303,5319.549805,5174.737305,559886
2017-01-02,5320.049805,5474.200195,5267.799805,5466,5317.200195,651321
2017-01-03,5466,5524.200195,5432.600098,5508.399902,5358.445801,631753
2017-01-04,5530,5554.700195,5494,5502.149902,5352.366211,679443
2017-01-05,5525.100098,5649.899902,5525.100098,5634.950195,5481.551758,744210
2017-01-06,5650,5657.299805,5597,5615.549805,5462.679199,544695
2017-01-09,5644.799805,5680,5610.600098,5658.5,5504.459961,345094
2017-01-10,5680,5693.700195,5641,5674.850098,5520.364746,410444
2017-01-11,5691,5772.899902,5691,5762.350098,5605.48291,539326
2017-01-12,5770,5795,5742,5777.350098,5620.074707,421634
2017-01-13,5792,5794,5683.649902,5699.5,5544.34375,1086873
2017-01-16,5697.950195,5725.200195,5661,5676.899902,5522.359375,290142
2017-01-17,5690,5718.899902,5657.049805,5669.399902,5515.063477,343048
2017-01-18,5685,5719,5665,5684.450195,5529.704102,308483
2017-01-19,5675,5728,5675,5718.350098,5562.681152,239027
2017-01-20,5717,5749,5642,5668.950195,5514.625977,444280
2017-01-23,5668.950195,5712.75,5643.799805,5700,5544.830078,297515
2017-01-24,5704,5745.75,5688.950195,5737.200195,5581.018066,301613
2017-01-25,5763.899902,5834,5708.049805,5802.549805,5644.588379,1148793
2017-01-27,5842,5927.700195,5825.049805,5915.899902,5754.853027,576906
2017-01-30,5916,5939,5885,5894.950195,5734.473145,323448
2017-01-31,5889,5934.899902,5875.5,5894.25,5733.791992,374637
2017-02-01,5900,6203.5,5886,6179.200195,6010.985352,1212008
2017-02-02,6170,6218.350098,6130,6144.350098,5977.083984,745214
2017-02-03,6147.899902,6156.649902,6096.549805,6115.450195,5948.970703,304078
2017-02-06,6157,6187,6125,6149.700195,5982.288574,322223
2017-02-07,6166,6231.5,6144,6213.200195,6044.05957,456427
2017-02-08,6219.700195,6233.899902,6165.149902,6194.649902,6026.014648,410369
2017-02-09,6195.5,6204,6111.600098,6157.100098,5989.486816,511610
2017-02-10,6170,6173.75,6096.399902,6112.25,5945.85791,284471
2017-02-13,6092,6139.899902,6002,6022,5858.064941,404675
2017-02-14,6045,6045,5928.100098,5939.850098,5778.151367,439745
2017-02-15,5950,5961.799805,5842.200195,5862.700195,5703.101563,609791
2017-02-16,5860,6037.950195,5860,6024.549805,5860.544922,576390
2017-02-17,6038,6055.850098,5955.049805,5989.75,5826.692383,326378
2017-02-20,5989.75,6120.75,5912.299805,6093.149902,5927.277832,504439
2017-02-21,6071.100098,6090.649902,6043,6063.149902,5898.094238,287864
2017-02-22,6073,6116.149902,6040,6079.649902,5914.145508,431264
2017-02-23,6090,6092.100098,6015.049805,6031,5866.819824,461009
2017-02-27,6005,6050.950195,5940,5951.5,5789.483887,394395
2017-02-28,5946.299805,6000,5914.799805,5922.5,5761.272949,558820
2017-03-01,5960,5998.799805,5885.149902,5919.600098,5758.452148,559896
2017-03-02,5951,5998.799805,5900.25,5918.75,5757.625488,473769
2017-03-03,5924,5928.950195,5875,5887.75,5727.469727,362057
2017-03-06,5925.5,5974.799805,5912,5934.850098,5773.287109,361209
2017-03-07,5931,5954,5881,5888.5,5728.19873,373103
2017-03-08,5895,5904.899902,5800,5864.149902,5704.511719,639968
2017-03-09,5884,5975,5864.149902,5964.399902,5802.032715,598391
2017-03-10,5997,6008.399902,5936.049805,5955.600098,5793.472168,443986
2017-03-14,6060,6144.399902,6010,6132.399902,5965.458984,875005
2017-03-15,6115,6168.799805,6092.5,6137.350098,5970.274902,384040
2017-03-16,6159.600098,6186.299805,6131.700195,6155.450195,5987.881836,252721
2017-03-17,6165,6226.799805,6150,6192.600098,6024.020996,1048024
2017-03-20,6220,6220,6151.100098,6158.899902,5991.237305,207710
2017-03-21,6164.75,6200.549805,6051.850098,6076.299805,5910.88623,532134
2017-03-22,6046.399902,6053.399902,5977.399902,6005.799805,5842.305176,462793
2017-03-23,6015.899902,6069,6015.899902,6034.799805,5870.516113,447530
2017-03-24,6047,6047,5992.100098,6004.649902,5841.186523,573292
2017-03-27,5977,6020,5965.649902,5985.799805,5822.850098,340512
2017-03-28,5971.200195,6049,5962.549805,5974.25,5811.614746,505962
2017-03-29,6008.899902,6008.899902,5929.350098,5944.149902,5782.333984,494597
2017-03-30,5965,6000.899902,5935.049805,5956.600098,5794.444824,898999
2017-03-31,5952,6041,5940.100098,6015.700195,5851.936035,501939
2017-04-03,6095,6095,6030,6072,5906.703125,378716
2017-04-05,6110,6359,6071.049805,6342.399902,6169.742676,1076674
2017-04-06,6335,6336,6260,6291.649902,6120.374023,505863
2017-04-07,6250,6336,6236.049805,6259.350098,6088.953613,467235
2017-04-10,6282,6307.799805,6245.049805,6268.850098,6098.194824,318486
2017-04-11,6274.799805,6305,6230,6247.799805,6077.717285,373105
2017-04-12,6263.899902,6263.899902,6126.700195,6154.5,5986.95752,415372
2017-04-13,6155,6175,6066.899902,6077.950195,5912.491699,386820
2017-04-17,6070.600098,6137.5,6021,6115.549805,5949.067871,342286
2017-04-18,6120,6234.350098,6120,6137.149902,5970.07959,453391
2017-04-19,6131.899902,6222.350098,6113.799805,6196.950195,6028.252441,366504
2017-04-20,6200,6303.149902,6188,6273.5,6102.718262,466934
2017-04-21,6283.899902,6295.049805,6177,6185.799805,6017.405273,294827
2017-04-24,6223.200195,6335,6200,6318.350098,6146.347656,426893
2017-04-25,6327.700195,6350,6282.5,6337.200195,6164.684082,384281
2017-04-26,6335,6424.75,6311,6406.299805,6231.902832,540500
2017-04-27,6439,6450,6320.350098,6374.049805,6200.530762,1087684
2017-04-28,6410,6589.799805,6390.549805,6524.850098,6347.226074,949573
2017-05-02,6676,6730,6618,6705.5,6522.958008,888539
2017-05-03,6714.799805,6714.950195,6631.100098,6644,6463.131836,370021
2017-05-04,6662,6686.950195,6626,6639.799805,6459.046387,372533
2017-05-05,6625.549805,6676.399902,6602,6654.149902,6473.005371,337498
2017-05-08,6688,6703.649902,6612.549805,6630.549805,6450.04834,208481
2017-05-09,6666,6666,6615,6629.299805,6448.832031,215203
2017-05-10,6645,6754,6635.899902,6737.75,6554.330078,295859
2017-05-11,6749,6789.399902,6711.100098,6762.5,6578.405762,259056
2017-05-12,6798,6798,6691,6730.200195,6546.98584,256491
2017-05-15,6759.399902,6839.100098,6733.450195,6823.899902,6638.134766,336356
2017-05-16,6850,6977.549805,6830,6953.950195,6764.644531,707624
2017-05-17,6950,6979,6885.850098,6958.200195,6768.778809,445461
2017-05-18,6918.299805,6948,6814.450195,6831.049805,6645.089844,406814
2017-05-19,6854.799805,6893.899902,6691.549805,6790.549805,6605.692383,552223
2017-05-22,6803.950195,6843.950195,6689.25,6701.700195,6519.261719,327493
2017-05-23,6765,6910,6743.649902,6878.850098,6691.588867,956457
2017-05-24,6903,6912.549805,6813,6869.649902,6682.63916,433647
2017-05-25,6879.950195,7018,6835,6985.700195,6795.530273,435721
2017-05-26,6971.149902,7085.049805,6936.200195,7064.799805,6872.476563,373937
2017-05-29,7050,7197.799805,7025.549805,7134.450195,6940.230957,427378
2017-05-30,7134.450195,7206.600098,7084.149902,7147.5,6952.925781,403698
2017-05-31,7138,7248,7134.950195,7211,7014.696289,650259
2017-06-01,7242,7245,7110.100098,7146.600098,6952.050293,649217
2017-06-02,7182,7187.700195,7100,7114.700195,6921.018555,310268
2017-06-05,7139.799805,7161.899902,7091.100098,7125.700195,6931.719238,296147
2017-06-06,7134,7154.299805,7085.049805,7112.100098,6918.489258,324579
2017-06-07,7135,7225,7107.600098,7205.700195,7009.541016,518152
2017-06-08,7199,7274.950195,7198,7249.5,7052.148926,426525
2017-06-09,7271,7480.899902,7230,7464.850098,7261.63623,1122640
2017-06-12,7445,7450,7355.5,7373.649902,7172.918457,454342
2017-06-13,7394.600098,7455,7335,7348.950195,7148.891113,607567
2017-06-14,7343,7392.450195,7331.850098,7351.049805,7150.93457,277472
2017-06-15,7348.350098,7393,7272.149902,7312.299805,7113.239258,388150
2017-06-16,7332,7360.049805,7250,7263.899902,7066.15625,547028
2017-06-19,7314,7322.149902,7235,7249.25,7051.905273,372747
2017-06-20,7265,7283.649902,7190.299805,7207.25,7011.048828,757716
2017-06-21,7220,7284.5,7153.299805,7268.200195,7070.339844,460423
2017-06-22,7291,7352,7288,7316.100098,7116.936035,436033
2017-06-23,7321.25,7331.649902,7205,7219.149902,7022.624512,355854
2017-06-27,7239.5,7267.200195,7155.100098,7183.350098,6987.799316,365667
2017-06-28,7213.950195,7324,7205,7225.049805,7028.364258,637214
2017-06-29,7254.899902,7290,7205,7224.350098,7027.683105,543979
2017-06-30,7214.799805,7233.600098,7157.149902,7217.600098,7021.117188,367886
2017-07-03,7238.899902,7365,7211.200195,7354,7153.804199,556846
2017-07-04,7386,7415.049805,7340,7376.149902,7175.351074,428293
2017-07-05,7374.75,7394,7332,7377.649902,7176.810547,273869
2017-07-06,7377.649902,7498,7376.200195,7474.049805,7270.585938,416512
2017-07-07,7470,7474.049805,7420,7432.799805,7230.458984,339803
2017-07-10,7458.799805,7500,6700,7430.450195,7228.172852,47033
2017-07-11,7473.899902,7495,7400,7457,7254,423681
2017-07-12,7485,7485,7435.100098,7476.649902,7273.115234,233096
2017-07-13,7490,7574.5,7465.149902,7567.549805,7361.540527,472029
2017-07-14,7574.950195,7588.950195,7520,7557.25,7351.521484,267450
2017-07-17,7571.950195,7578,7504.299805,7522.299805,7317.522461,289180
2017-07-18,7525,7591.5,7515,7549.350098,7343.835938,387214
2017-07-19,7564.25,7584,7535,7561.5,7355.655273,223986
2017-07-20,7580,7584.5,7480.049805,7490.950195,7287.026367,290547
2017-07-21,7500,7549.899902,7445,7543,7337.65918,434483
2017-07-24,7554,7569,7495,7554.549805,7348.894043,357195
2017-07-25,7573,7573,7493.549805,7504.850098,7300.547852,323585
2017-07-26,7539,7595,7504,7565.25,7359.303223,377790
2017-07-27,7615,7683.399902,7536,7599.600098,7392.718262,1148259
2017-07-28,7617,7673.600098,7584,7630.450195,7422.728516,459181
2017-07-31,7664,7765,7651,7750.049805,7539.072266,505371
2017-08-01,7759.899902,7920,7725,7856.100098,7642.235352,1096934
2017-08-02,7878.899902,7880,7775,7795.5,7583.285156,414448
2017-08-03,7794,7829,7711,7737.399902,7526.76709,287116
2017-08-04,7750,7804.899902,7740,7770.299805,7558.770996,325021
2017-08-07,7779.5,7892.350098,7771,7838.649902,7625.260254,327318
2017-08-08,7849,7885,7736.899902,7755.899902,7544.763184,319951
2017-08-09,7759,7795,7639.100098,7661.600098,7453.030273,285089
2017-08-10,7637.350098,7640,7538.899902,7578.75,7372.435547,385730
2017-08-11,7501.899902,7533.799805,7380,7457.399902,7254.38916,676390
2017-08-14,7516,7647,7515,7608.450195,7401.327148,328598
2017-08-16,7649.100098,7720.100098,7585.049805,7701.149902,7491.503418,488766
2017-08-17,7701,7708.850098,7565,7582.450195,7376.034668,321296
2017-08-18,7551,7624,7531.350098,7598.799805,7391.939941,332924
2017-08-21,7629,7658.049805,7490,7501.899902,7297.678223,277519
2017-08-22,7540,7567.5,7475.100098,7496.100098,7292.035645,278131
2017-08-23,7548,7590,7501,7573.049805,7366.890625,258051
2017-08-24,7536,7635,7483.600098,7612.850098,7479.682617,436912
2017-08-28,7649,7649,7568.049805,7579,7446.424805,391028
2017-08-29,7565,7575.549805,7495.049805,7521.5,7389.930664,368309
2017-08-30,7603,7639.350098,7532.5,7557.450195,7425.251953,471048
2017-08-31,7564.899902,7720.399902,7532,7700.299805,7565.602539,586954
2017-09-01,7747.5,7834.899902,7730,7812.299805,7675.643555,627407
2017-09-04,7840,7876,7756.75,7821.5,7684.683105,362724
2017-09-05,7843,7855.950195,7801,7817.200195,7680.458496,182518
2017-09-06,7800,7904,7770,7846.649902,7709.393066,340420
2017-09-07,7888,7949,7858.5,7919.200195,7780.674316,389478
2017-09-08,7940.450195,7979.75,7892,7970.75,7831.322266,341309
2017-09-11,8000,8168,8000,8142.399902,7999.969727,547463
2017-09-12,8192,8192,8116,8154.5,8011.85791,387447
2017-09-13,8161.899902,8200,8100.149902,8122.600098,7980.516113,371832
2017-09-14,8139.950195,8164.950195,8042.049805,8070.25,7929.081543,293890
2017-09-15,8076.950195,8119.100098,8043.5,8099.75,7958.065918,400099
2017-09-18,8130.700195,8185,8130.700195,8157.850098,8015.149414,219992
2017-09-19,8178,8184.950195,8124.450195,8131.700195,7989.457031,245577
2017-09-20,8164.399902,8164.399902,8109.100098,8120.149902,7978.108887,185837
2017-09-21,8101,8170.899902,8075.100098,8144.950195,8002.475098,258168
2017-09-22,8145,8175.5,8050,8068.200195,7927.067871,366359
2017-09-25,8074,8089,7855.049805,7964.950195,7825.623535,626129
2017-09-26,7980,7980.049805,7869.100098,7889.899902,7751.886719,440508
2017-09-27,7949,7978,7715,7739.950195,7604.55957,564788
2017-09-28,7735.100098,7920,7651,7897.350098,7759.206055,768225
2017-09-29,7960,8007.799805,7925,7978.200195,7838.64209,486217
2017-10-03,8055.350098,8069.049805,7855,7888.299805,7750.313965,516298
2017-10-04,7894,7933.899902,7830.600098,7847.200195,7709.933594,301347
2017-10-05,7836,7901,7807.200195,7831.049805,7694.065918,272177
2017-10-06,7864.950195,7919,7845.049805,7903.200195,7764.954102,440453
2017-10-09,7909,7957,7866.700195,7896.700195,7758.567871,261839
2017-10-10,7890.5,7934.899902,7885.299805,7893.700195,7755.620605,224485
2017-10-11,7892,7898.850098,7801,7825.149902,7688.269043,644166
2017-10-12,7845,7918,7830,7904.25,7765.985352,396436
2017-10-13,7900,7940,7860.049805,7874.149902,7736.411621,328108
2017-10-16,7900,7935,7814,7842,7704.824219,502632
2017-10-17,7851,7902.299805,7830.899902,7838.899902,7701.778809,304861
2017-10-18,7859,7873.049805,7748.200195,7784.049805,7647.888184,489207
2017-10-19,7803,7803,7690,7731.100098,7595.864746,115449
2017-10-23,7748.799805,7860,7714,7818.5,7681.73584,471496
2017-10-24,7865.299805,7932.200195,7841.600098,7875,7737.24707,354257
2017-10-25,7930,7945,7810.299805,7870.200195,7732.53125,254379
2017-10-26,7900,8086,7866.200195,8068.049805,7926.919922,684763
2017-10-27,8123.950195,8240,8062.600098,8114.450195,7972.508789,1201080
2017-10-30,8200,8279,8163.299805,8195.25,8051.895508,726605
2017-10-31,8195,8226.5,8167.200195,8211.25,8067.615234,318652
2017-11-01,8251,8256.450195,8160,8238.400391,8094.291016,631375
2017-11-02,8250,8273.950195,8201,8225.799805,8081.910645,247753
2017-11-03,8235,8242.900391,8175,8219.400391,8075.623047,288916
2017-11-06,8209.5,8370.549805,8199.349609,8310.200195,8164.834961,392588
2017-11-07,8348,8348,8210,8220.299805,8076.506836,348296
2017-11-08,8218,8285.049805,8204.900391,8232,8088.001953,199176
2017-11-09,8273.700195,8273.700195,8148.700195,8204.799805,8061.277832,442672
2017-11-10,8198.799805,8234.900391,8111.049805,8183.5,8040.350586,351694
2017-11-13,8185,8219.049805,8080,8109.200195,7967.350586,181361
2017-11-14,8129,8186,8109,8122.950195,7980.860352,237427
2017-11-15,8100,8180,8087,8127.25,7985.084961,275441
2017-11-16,8130,8234.849609,8129.25,8163.700195,8020.897461,321844
2017-11-17,8218,8362.450195,8218,8348.349609,8202.317383,419255
2017-11-20,8377,8449,8350,8425.650391,8278.265625,372037
2017-11-21,8446,8449.450195,8401,8424.799805,8277.429688,255180
2017-11-22,8448,8525,8444,8513.150391,8364.234375,383442
2017-11-23,8512,8519,8443.5,8463.400391,8315.355469,289808
2017-11-24,8463.400391,8540,8463.400391,8487.950195,8339.474609,343432
2017-11-27,8486,8524.200195,8445,8508.599609,8359.763672,172254
2017-11-28,8490.599609,8658,8476.049805,8624.150391,8473.293945,456041
2017-11-29,8649,8696,8576,8671.349609,8519.666016,382984
2017-11-30,8650,8676,8575,8599.099609,8448.680664,582023
2017-12-01,8660,8695,8593,8609,8458.407227,436589
2017-12-04,8659.75,8659.950195,8480.549805,8500.799805,8352.100586,242191
2017-12-05,8519.950195,8554.950195,8476.5,8500.400391,8351.708008,213998
2017-12-06,8494,8638.75,8450.049805,8612.400391,8461.749023,420876
2017-12-07,8615.900391,8988.25,8614.549805,8882.400391,8727.025391,834850
2017-12-08,8929.799805,9119,8899,9042.25,8884.079102,1006694
2017-12-11,9108,9167,9089.75,9133.799805,8974.027344,564023
2017-12-12,9150,9218.5,9100,9131.349609,8971.620117,491488
2017-12-13,9091,9176,9075,9120.650391,8961.108398,446829
2017-12-14,9127,9146.799805,9046,9112.75,8953.345703,655484
2017-12-15,9170,9236.299805,9147.299805,9165.900391,9005.566406,620495
2017-12-18,9110,9344,8990.150391,9309.099609,9146.261719,658668
2017-12-19,9345,9858,9326,9801.5,9630.047852,1275759
2017-12-20,9966,9996.400391,9700.25,9733.900391,9563.630859,1216280
2017-12-21,9788,9817.400391,9610.049805,9631.049805,9462.580078,849633
2017-12-22,9665,9824.799805,9605,9700,9530.323242,814330
2017-12-26,9741,9765,9616.200195,9679,9509.69043,542587
2017-12-27,9694,9750.700195,9629.099609,9644.099609,9475.401367,402886
2017-12-28,9693.5,9693.5,9615.799805,9629.200195,9460.761719,659995
2017-12-29,9659,9769,9650,9729.549805,9559.356445,471554
2018-01-01,9749,9789,9629.799805,9651.900391,9483.06543,426354
2018-01-02,9699,9718.599609,9525,9554.049805,9386.925781,451227
2018-01-03,9597,9598,9402,9416.599609,9251.879883,658281
2018-01-04,9450,9488,9367.200195,9386.25,9222.061523,562919
2018-01-05,9458,9532,9412.549805,9433.849609,9268.828125,732512
2018-01-08,9488,9495,9425,9448.950195,9283.665039,294549
2018-01-09,9464.799805,9491.450195,9361,9383.549805,9219.40918,427590
2018-01-10,9387.799805,9454.849609,9315.900391,9375.849609,9211.84375,394826
2018-01-11,9410,9430,9326,9339.799805,9176.423828,368996
2018-01-12,9387,9494.75,9355.099609,9459.150391,9293.6875,685141
2018-01-15,9499.950195,9508.549805,9340,9358.450195,9194.748047,385462
2018-01-16,9371,9408.650391,9300,9322.049805,9158.984375,364816
2018-01-17,9316,9368.799805,9256,9313.900391,9150.977539,390461
2018-01-18,9350,9518.900391,9332,9368.700195,9204.819336,686971
2018-01-19,9325,9396,9282,9323.950195,9160.851563,542339
2018-01-22,9349,9356.75,9271.599609,9310.099609,9147.244141,454188
2018-01-23,9347,9429.299805,9290,9393.400391,9229.086914,561948
2018-01-24,9419,9519.950195,9340.450195,9434.950195,9269.910156,568489
2018-01-25,9485,9485,9250,9278.200195,9115.902344,705224
2018-01-29,9481,9714,9461,9630.700195,9462.236328,1546624
2018-01-30,9620,9675.5,9550,9571.549805,9404.120117,573988
2018-01-31,9558.049805,9585,9458.900391,9509.700195,9343.352539,462650
2018-02-01,9545,9563.700195,9312,9401.849609,9237.388672,550971
2018-02-02,9359,9359,8940,8990.599609,8833.332031,984189
2018-02-05,8850.150391,9120,8688,9080.599609,8921.757813,651062
2018-02-06,8700,9113.5,8661.599609,8984.599609,8827.436523,840339
2018-02-07,9170,9170,8873,8921.799805,8765.736328,509440
2018-02-08,8988.900391,9060,8915,9030.700195,8872.731445,465683
2018-02-09,8906,8986.549805,8870,8936.099609,8779.785156,364892
2018-02-12,8960,9150,8960,9117.849609,8958.356445,408523
2018-02-14,9149.900391,9157.5,8986,9001.599609,8844.139648,357737
2018-02-15,9049,9090,9001,9020.25,8862.464844,250781
2018-02-16,9039.900391,9070,8806.849609,8836.950195,8682.371094,632659
2018-02-19,8856,8865.849609,8691.650391,8724.849609,8572.230469,436138
2018-02-20,8745,8768.950195,8650,8722.650391,8570.070313,517802
2018-02-21,8771,8795,8708.200195,8782.75,8629.118164,471756
2018-02-22,8769,8769,8601.5,8634.049805,8483.019531,638857
2018-02-23,8665,8738.950195,8655.049805,8698.799805,8546.636719,567960
2018-02-26,8758,9055,8750.049805,9005.349609,8847.824219,869374
2018-02-27,9093,9114.950195,8872.599609,8891.200195,8735.671875,684609
2018-02-28,8870,8934,8772,8850.950195,8696.125,680125
2018-03-01,8874,8936.049805,8811.349609,8873.450195,8718.231445,609369
2018-03-05,8867,8867,8775,8795.099609,8641.251953,388180
2018-03-06,8855.549805,8885,8600,8616.5,8465.776367,543686
2018-03-07,8621.799805,8713.849609,8552,8679.099609,8527.28125,598715
2018-03-08,8700.200195,8775,8651,8729.349609,8576.652344,533856
2018-03-09,8760,8774,8650,8660.599609,8509.105469,323450
2018-03-12,8719,8826.799805,8681.099609,8810.299805,8656.186523,438339
2018-03-13,8810,8848,8691,8756.049805,8602.884766,521943
2018-03-14,8735,8874,8725.049805,8846.299805,8691.556641,411769
2018-03-15,8839.900391,8875,8800.950195,8837.549805,8682.958984,313431
2018-03-16,8869,8869,8649.400391,8676.549805,8524.776367,622932
2018-03-19,8711.5,8800,8703.549805,8773.5,8620.030273,571830
2018-03-20,8764.450195,8845.5,8735,8802.400391,8648.425781,408924
2018-03-21,8839.900391,8945,8825.049805,8874.650391,8719.411133,516020
2018-03-22,8870,8910.5,8684.400391,8696.549805,8544.425781,471749
2018-03-23,8612.549805,8640.5,8542.099609,8607.25,8456.688477,644482
2018-03-26,8607,8798,8605,8765.299805,8611.972656,447858
2018-03-27,8815,8887,8767.150391,8852.299805,8697.451172,423455
2018-03-28,8812,9084,8801,8861.099609,8706.097656,1194227
2018-04-02,8990,9088,8953.25,9008.200195,8850.625,552649
2018-04-03,9008.950195,9060,8955,9026.450195,8868.555664,339709
2018-04-04,9078,9149.400391,8980.599609,9013.5,8855.832031,488280
2018-04-05,9050,9157.650391,9050,9132.599609,8972.848633,236956
2018-04-06,9165,9230,9042.549805,9206.200195,9045.162109,429514
2018-04-09,9220,9308.150391,9184.700195,9292.650391,9130.099609,426170
2018-04-10,9290,9315.450195,9239,9273.450195,9111.234375,299119
2018-04-11,9290,9350,9208.549805,9302.5,9139.777344,318010
2018-04-12,9290,9290,9181.099609,9204.450195,9043.441406,300797
2018-04-13,9267,9267,9106.25,9123.950195,8964.349609,366224
2018-04-16,9100,9245,9065,9232,9070.509766,271057
2018-04-17,9241,9242,9137.549805,9160.349609,9000.113281,342578
2018-04-18,9178,9227.450195,9095.900391,9121.5,8961.942383,452854
2018-04-19,9144,9183.75,9068,9077.650391,8918.860352,256088
2018-04-20,9082,9108.150391,9012.950195,9025,8867.130859,303913
2018-04-23,9039.900391,9125,9005.950195,9064.849609,8906.283203,302205
2018-04-24,9095,9142.549805,9031,9064.650391,8906.086914,312103
2018-04-25,9059,9068.799805,8908,8934.599609,8778.311523,488641
2018-04-26,8949,8981,8890,8946.450195,8789.955078,614321
2018-04-27,9015,9137,8715.099609,8783.349609,8629.708008,1873816
2018-04-30,8790,8904.200195,8760.299805,8814.950195,8660.754883,497504
2018-05-02,8915,8998,8725,8744.5,8591.537109,806846
2018-05-03,8765,8799,8700,8755.950195,8602.787109,406825
2018-05-04,8784,8790,8665,8678.200195,8526.397461,490244
2018-05-07,8693,8770,8660,8743.700195,8590.750977,342702
2018-05-08,8785,8806.200195,8690,8775.200195,8621.701172,404969
2018-05-09,8795,8795,8705,8718.349609,8565.844727,314057
2018-05-10,8758,8758,8690,8704.950195,8552.679688,298598
2018-05-11,8738,8765,8702.049805,8750.299805,8597.235352,264405
2018-05-14,8751,8760,8688.099609,8707,8554.693359,276620
2018-05-15,8725,8750.349609,8639,8726.599609,8573.950195,506107
2018-05-16,8675,8733.450195,8675,8695.599609,8543.493164,288597
2018-05-17,8725,8766.450195,8661.200195,8697.5,8545.360352,379606
2018-05-18,8700.799805,8725,8496,8510.950195,8362.073242,603507
2018-05-21,8518,8524.799805,8255.5,8428.5,8281.06543,872463
2018-05-22,8416,8586.400391,8371.25,8560.650391,8410.90332,410467
2018-05-23,8560,8564.799805,8458.200195,8497.400391,8348.760742,399631
2018-05-24,8500.099609,8518.299805,8400,8410.75,8263.625977,292331
2018-05-25,8412,8574,8395.150391,8548.150391,8398.62207,519151
2018-05-28,8560,8785,8555.099609,8709.299805,8556.953125,446264
2018-05-29,8718,8840,8680,8714.900391,8562.456055,665121
2018-05-30,8669,8669,8572.849609,8588.200195,8437.97168,508262
2018-05-31,8639,8639.099609,8515.900391,8537.200195,8387.864258,679959
2018-06-01,8610,8848.400391,8590.049805,8808.849609,8654.761719,1002010
2018-06-04,8840,8840,8726.049805,8749.849609,8596.792969,380690
2018-06-05,8750,8830,8680,8810.400391,8656.285156,400886
2018-06-06,8829,8870,8810,8842.349609,8687.674805,328784
2018-06-07,8874,8934.799805,8865,8911.25,8755.370117,267961
2018-06-08,8894,8950,8871,8932.450195,8776.200195,287823
2018-06-11,8960,9046,8921.5,9022.650391,8864.822266,337828
2018-06-12,9039,9065,8955,9016.75,8859.025391,343452
2018-06-13,9030,9094.950195,8943,8967.349609,8810.489258,369407
2018-06-14,8932.049805,9019.950195,8908,8958,8801.302734,269078
2018-06-15,8995,8995,8901,8951.599609,8795.013672,496572
2018-06-18,8947.5,9050.400391,8937.950195,8973.450195,8816.482422,305144
2018-06-19,8970,8984.799805,8820.049805,8862.599609,8707.571289,350407
2018-06-20,8873,8970,8863,8948.299805,8791.772461,325981
2018-06-21,8978,8986,8852.950195,8863.049805,8708.013672,313349
2018-06-22,8865,8887,8810,8874.900391,8719.65625,319027
2018-06-25,8869,8869,8780,8793,8639.189453,254954
2018-06-26,8793,8985.349609,8750,8931.349609,8775.118164,387769
2018-06-27,8935.950195,9012,8873,8898.299805,8742.646484,501622
2018-06-28,8892,8894.049805,8735.049805,8771.299805,8617.869141,376404
2018-06-29,8750.299805,8900,8750.299805,8825.599609,8671.21875,458807
2018-07-02,8878,8935,8800.049805,8821.049805,8666.748047,298529
2018-07-03,8825,8995,8750,8975.150391,8818.15332,375718
2018-07-04,9014,9249.25,8952.5,9220.799805,9059.505859,656141
2018-07-05,9228,9395,9225.75,9347.049805,9183.546875,887919
2018-07-06,9315,9413.950195,9260,9317.5,9154.513672,508241
2018-07-09,9395,9419.849609,9350,9374.900391,9210.910156,331872
2018-07-10,9380,9545.900391,9380,9531,9364.279297,485745
2018-07-11,9529,9529.349609,9361,9384.700195,9220.539063,328446
2018-07-12,9448,9508,9325.25,9347,9183.499023,336960
2018-07-13,9408,9495,9362.25,9431.049805,9266.078125,511150
2018-07-16,9429,9498.900391,9355,9385.299805,9221.12793,216426
2018-07-17,9351.150391,9479.700195,9347,9445.400391,9280.177734,457123
2018-07-18,9482.299805,9534,9296.900391,9366.799805,9202.952148,430624
2018-07-19,9408,9434,9350,9389.099609,9224.861328,199983
2018-07-20,9392,9464,9335,9398.950195,9234.540039,272916
2018-07-23,9448,9750,9372,9701,9531.305664,607813
2018-07-24,9778,9929,9725,9832.450195,9660.457031,749626
2018-07-25,9853,9875.849609,9701,9758.950195,9588.242188,384750
2018-07-26,9819.799805,9831.700195,9361,9396.25,9231.886719,1261317
2018-07-27,9402,9442.200195,9290,9310.400391,9147.539063,672141
2018-07-30,9320,9404.5,9233,9381.900391,9217.788086,539464
2018-07-31,9400,9548.849609,9355,9520.549805,9354.012695,426388
2018-08-01,9535,9587.75,9300,9341.599609,9178.192383,700719
2018-08-02,9327,9327,9120,9142.400391,8982.477539,875157
2018-08-03,9150,9230,9150,9187,9026.296875,470958
2018-08-06,9247.5,9300,9200,9286.400391,9123.958984,237693
2018-08-07,9316,9420,9271,9411.5,9246.870117,381993
2018-08-08,9449,9449,9183.049805,9207.400391,9046.34082,638498
2018-08-09,9239,9239,9060,9146.049805,8986.063477,651728
2018-08-10,9150,9210,9105,9148.25,8988.224609,427827
2018-08-13,9119.450195,9185,9012.200195,9080.849609,8922.003906,348201
2018-08-14,9079,9158.799805,9046.25,9132.599609,9052.599609,344056
2018-08-16,9124,9235.950195,9085,9200.549805,9200.549805,465479
2018-08-17,9243,9286.5,9130,9152.099609,9152.099609,477538
2018-08-20,9170.700195,9217.799805,9062,9074.349609,9074.349609,449317
2018-08-21,9110,9130,9050.400391,9113.299805,9113.299805,380824
2018-08-23,9145,9256,9100.099609,9223.299805,9223.299805,751705
2018-08-24,9240,9279.900391,9142.099609,9163.799805,9163.799805,401110
2018-08-27,9209,9274,9200,9245.25,9245.25,326945
2018-08-28,9277.549805,9446.5,9215,9427.950195,9427.950195,684054
2018-08-29,9421,9468.299805,9339.650391,9368.099609,9368.099609,433440
2018-08-30,9370,9370,9182.650391,9205.799805,9205.799805,674292
2018-08-31,9208,9255,9080.299805,9096.400391,9096.400391,634522
2018-09-03,9100,9118.950195,8875,8902.150391,8902.150391,992161
2018-09-04,8912,8999,8835.450195,8868.5,8868.5,530967
2018-09-05,8871,8950,8790.599609,8896.099609,8896.099609,491163
2018-09-06,8967.700195,8967.700195,8741,8759.849609,8759.849609,687535
2018-09-07,8775,8789,8634.25,8719.200195,8719.200195,636918
2018-09-10,8700,8750,8625,8639.400391,8639.400391,577299
2018-09-11,8668,8699.900391,8479.599609,8517.049805,8517.049805,552622
2018-09-12,8539,8539,8401,8493.950195,8493.950195,634678
2018-09-14,8593,8700,8580.349609,8626.700195,8626.700195,754169
2018-09-17,8587,8659.700195,8517,8537.799805,8537.799805,422191
2018-09-18,8537.700195,8596.5,8380.200195,8399.150391,8399.150391,507455
2018-09-19,8425.5,8448.400391,8191.049805,8210.349609,8210.349609,959340
2018-09-21,8260,8325,7599.649902,8040.149902,8040.149902,1646047
2018-09-24,8070,8070,7590.700195,7793.049805,7793.049805,1801469
2018-09-25,7750,8018.25,7680,7999.450195,7999.450195,1159438
2018-09-26,8075,8089.899902,7822.549805,7842.549805,7842.549805,754963
2018-09-27,7850,7878,7510.200195,7553.049805,7553.049805,1594739
2018-09-28,7620,7648.200195,7292.649902,7347.950195,7347.950195,1413254
2018-10-01,7354,7485,7206,7463.950195,7463.950195,1034603
2018-10-03,7400,7410.700195,7211,7246,7246,1148091
2018-10-04,7150,7288,7021,7198.75,7198.75,1104174
2018-10-05,7054.799805,7220,6801.850098,6904.350098,6904.350098,1481376
2018-10-08,6915,6989,6774.25,6889.75,6889.75,1393849
2018-10-09,6819.75,6940,6661,6699.450195,6699.450195,1079041
2018-10-10,6748,7050,6723.25,6985.850098,6985.850098,1162309
2018-10-11,6800,6950,6705.200195,6875.5,6875.5,869569
2018-10-12,6950,7326,6950,7287.200195,7287.200195,1053651
2018-10-15,7320,7340,7126.049805,7182,7182,682234
2018-10-16,7214,7278,7123.799805,7150.899902,7150.899902,637012
2018-10-17,7237.649902,7245,6853.450195,6885.600098,6885.600098,1021019
2018-10-19,6830,6965,6715.5,6756.450195,6756.450195,903940
2018-10-22,6818,6905,6722.049805,6812.200195,6812.200195,774016
2018-10-23,6779,6857,6666,6771.299805,6771.299805,734440
2018-10-24,6850,6885,6690,6768.299805,6768.299805,681526
2018-10-25,6700,6853.700195,6620.200195,6723.200195,6723.200195,2101936
2018-10-26,6750,6795,6500,6717.299805,6717.299805,874526
2018-10-29,6722,6810,6691.049805,6798.700195,6798.700195,505428
2018-10-30,6798,6868.950195,6675.200195,6697,6697,771389
2018-10-31,6760,6760,6500,6616.399902,6616.399902,1315746
2018-11-01,6648.950195,6739.950195,6600,6711.75,6711.75,842039
2018-11-02,6769.799805,7159,6750.049805,7135.450195,7135.450195,1834118
2018-11-05,7138,7254.700195,7060.049805,7177.25,7177.25,1040315
2018-11-06,7195,7238,7050,7075,7075,667413
2018-11-07,7140,7143,7090,7127.899902,7127.899902,127507
2018-11-09,7130,7315,7040.850098,7283.5,7283.5,986090
2018-11-12,7300,7352.5,7052,7087.799805,7087.799805,687443
2018-11-13,7049.950195,7168.75,7021,7150.450195,7150.450195,572295
2018-11-14,7180.100098,7409,7180.100098,7369.049805,7369.049805,1112945
2018-11-15,7378.899902,7515.100098,7333.549805,7478.299805,7478.299805,1048278
2018-11-16,7500,7544.049805,7302.549805,7341.200195,7341.200195,806420
2018-11-19,7360,7449,7290,7411.649902,7411.649902,577408
2018-11-20,7411.649902,7444.5,7311.649902,7333.950195,7333.950195,637243
2018-11-21,7340,7466,7331.5,7424.5,7424.5,701156
2018-11-22,7393.950195,7480,7361.200195,7411.100098,7411.100098,668352
2018-11-26,7425,7577.75,7387.299805,7554.700195,7554.700195,899481
2018-11-27,7570,7657.799805,7500.75,7647.600098,7647.600098,783389
2018-11-28,7658,7680.5,7549.600098,7574.200195,7574.200195,686734
2018-11-29,7613,7642,7531,7546.75,7546.75,725583
2018-11-30,7574,7727,7570.049805,7661.600098,7661.600098,869715
2018-12-03,7688.5,7800,7630.100098,7779.950195,7779.950195,772869
2018-12-04,7780,7784.950195,7701,7721.649902,7721.649902,551195
2018-12-05,7696.700195,7739.899902,7520,7554.049805,7554.049805,704296
2018-12-06,7450.049805,7486.299805,7180,7209.700195,7209.700195,1339030
2018-12-07,7244,7349.950195,7201,7313.950195,7313.950195,688881
2018-12-10,7200,7395,7170,7350.5,7350.5,785024
2018-12-11,7240.5,7346,7215.549805,7305.350098,7305.350098,843166
2018-12-12,7340,7507.299805,7295,7471.850098,7471.850098,643037
2018-12-13,7477.5,7700,7477.5,7670.5,7670.5,881204
2018-12-14,7684,7690,7545.950195,7662.149902,7662.149902,676653
2018-12-17,7691.899902,7800,7650,7734.049805,7734.049805,712296
2018-12-18,7710,7785,7655,7772.350098,7772.350098,658919
2018-12-19,7781,7949.75,7781,7936,7936,856358
2018-12-20,7850,7919,7763.649902,7807.049805,7807.049805,824303
2018-12-21,7830,7835,7515,7536.299805,7536.299805,1257227
2018-12-24,7560,7595.649902,7470,7529.149902,7529.149902,611297
2018-12-26,7488,7600,7402,7569.100098,7569.100098,594156
2018-12-27,7649,7668.850098,7479.299805,7499.950195,7499.950195,704523
2018-12-28,7548,7580,7490,7505.549805,7505.549805,616845
2018-12-31,7550,7572.75,7443.100098,7465.5,7465.5,547975
2019-01-01,7449.75,7494,7395,7476.799805,7476.799805,625360
2019-01-02,7445,7460,7244,7267.850098,7267.850098,891844
2019-01-03,7280,7350,7185.600098,7203.950195,7203.950195,715168
2019-01-04,7239,7309,7161.200195,7234.5,7234.5,774445
2019-01-07,7310,7407,7300,7362.049805,7362.049805,687845
2019-01-08,7380,7454.799805,7322.100098,7439.5,7439.5,516841
2019-01-09,7460.5,7529,7414,7492.899902,7492.899902,740580
2019-01-10,7500,7511,7360.149902,7391.600098,7391.600098,452699
2019-01-11,7382.700195,7400,7282,7320.5,7320.5,488399
2019-01-14,7330,7433.350098,7257,7408.700195,7408.700195,424152
2019-01-15,7430,7470,7317,7355.149902,7355.149902,491196
2019-01-16,7349.5,7384,7291.100098,7310.25,7310.25,424769
2019-01-17,7339,7398.950195,7307.5,7336.25,7336.25,462725
2019-01-18,7345,7379.950195,7318,7357.950195,7357.950195,334555
2019-01-21,7358,7380,7161,7208.399902,7208.399902,654537
2019-01-22,7180,7180,7054.5,7068.850098,7068.850098,896521
2019-01-23,7050,7132.25,7025,7045.399902,7045.399902,702474
2019-01-24,7059.899902,7098,7014.399902,7040.600098,7040.600098,520703
2019-01-25,7054,7133,6410,6513.399902,6513.399902,3062762
2019-01-28,6512.5,6610,6317.700195,6511.049805,6511.049805,2398091
2019-01-29,6480,6619.149902,6447.399902,6526.950195,6526.950195,1101399
2019-01-30,6559,6588,6508,6548.25,6548.25,583773
2019-01-31,6575,6660.049805,6460.049805,6641.149902,6641.149902,926270
2019-02-01,6679,7204,6652.549805,6962.299805,6962.299805,2545419
2019-02-04,6975,7039,6851.649902,6988.200195,6988.200195,658776
2019-02-05,6995,7125,6985.399902,7093.600098,7093.600098,681498
2019-02-06,7120,7220,7067,7183.399902,7183.399902,567827
2019-02-07,7201,7320,7185.100098,7302.549805,7302.549805,690174
2019-02-08,7270,7300,7100,7134.25,7134.25,576159
2019-02-11,7150,7209.950195,7051.100098,7177.899902,7177.899902,502244
2019-02-12,7193,7230,7127.950195,7162.5,7162.5,494592
2019-02-14,7036.700195,7111.200195,6990,7017.5,7017.5,622311
2019-02-15,7027.399902,7058.700195,6900,6930.049805,6930.049805,768798
2019-02-18,6964.700195,6997.799805,6817,6842.700195,6842.700195,509963
2019-02-19,6855,6915.899902,6771,6804.549805,6804.549805,493861
2019-02-20,6842,6888,6804.399902,6849.899902,6849.899902,534284
2019-02-21,6868.950195,6879.649902,6715,6801.549805,6801.549805,722938
2019-02-22,6827,6939,6819.049805,6912.399902,6912.399902,764535
2019-02-25,6948,6984.899902,6870.049805,6924.899902,6924.899902,495728
2019-02-26,6885,6975,6812.600098,6904.299805,6904.299805,673415
2019-02-27,6943,7048,6853.200195,6968.5,6968.5,961829
2019-02-28,7010,7040,6801,6829.700195,6829.700195,1031563
2019-03-01,6876.799805,6950,6827.25,6935.149902,6935.149902,768822
2019-03-05,6950,7158.149902,6894.450195,7117.75,7117.75,838538
2019-03-06,7137.850098,7144.899902,7010,7056.899902,7056.899902,557197
2019-03-07,7078,7092.5,7002,7029.049805,7029.049805,396771
2019-03-08,6975,7025,6951,6967.700195,6967.700195,486432
2019-03-11,6980,7121.600098,6975,7081.899902,7081.899902,720905
2019-03-12,7097,7232,7096,7157.200195,7157.200195,828847
2019-03-13,7177,7202.950195,7050,7091.049805,7091.049805,534982
2019-03-14,7103,7148,7047.25,7086.299805,7086.299805,584482
2019-03-15,7109,7157,7060,7084,7084,861945
2019-03-18,7077.450195,7077.450195,6776.600098,6909.100098,6909.100098,1525653
2019-03-19,6900,6901.950195,6809.25,6825.200195,6825.200195,816763
2019-03-20,6860,6860,6650,6673.549805,6673.549805,1017560
2019-03-22,6567,6716.299805,6532.350098,6552.700195,6552.700195,1715983
2019-03-25,6515,6621,6491.200195,6522.600098,6522.600098,1093184
2019-03-26,6558,6600,6480,6585.700195,6585.700195,909087
2019-03-27,6628,6640,6500,6518,6518,887601
2019-03-28,6535,6625,6501.200195,6596.25,6596.25,949713
2019-04-01,6730.799805,6870,6700,6840.700195,6840.700195,1142386
2019-04-02,6859.450195,6900.700195,6785.5,6889.700195,6889.700195,866805
2019-04-03,6896,7098,6896,7072.899902,7072.899902,1491021
2019-04-04,7120,7170,7061.649902,7113.100098,7113.100098,1388375
2019-04-05,7095,7143.950195,7050,7107.700195,7107.700195,729603
2019-04-08,7107,7150,7044.700195,7129.450195,7129.450195,498374
2019-04-09,7134,7235,7080,7216.549805,7216.549805,741669
2019-04-10,7218.950195,7218.950195,7144.600098,7186.350098,7186.350098,590107
2019-04-11,7186.950195,7220,7150,7187.850098,7187.850098,609539
2019-04-12,7188.899902,7357,7161.049805,7342.850098,7342.850098,929935
2019-04-15,7351.049805,7389.950195,7295,7352.5,7352.5,585205
2019-04-16,7369.899902,7475,7350,7458.549805,7458.549805,707823
2019-04-18,7533.100098,7539.350098,7434.049805,7447.450195,7447.450195,713163
2019-04-22,7422,7424.899902,7300,7321.25,7321.25,479609
2019-04-23,7327,7388.899902,7006,7048.899902,7048.899902,952628
2019-04-24,7065,7101.950195,6910,7016.700195,7016.700195,1063510
2019-04-25,7014.75,7144.950195,6865,6905.25,6905.25,3075510
2019-04-26,6805,6886.850098,6750,6842.850098,6842.850098,1999920
2019-04-30,6700,6750,6630,6666.399902,6666.399902,1640025
2019-05-02,6550,6709.950195,6525,6683.25,6683.25,1337101
2019-05-03,6675,6780,6675,6710,6710,795679
2019-05-06,6659,6732,6639.299805,6709.649902,6709.649902,480317
2019-05-07,6744.899902,6785.25,6680,6702,6702,586684
2019-05-08,6679,6693,6616,6650.149902,6650.149902,552749
2019-05-09,6637,6678,6600,6624.950195,6624.950195,570000
2019-05-10,6623,6664.899902,6575,6631.600098,6631.600098,608669
2019-05-13,6626,6659.299805,6500,6543.75,6543.75,555672
2019-05-14,6511,6612,6450,6576.200195,6576.200195,843313
2019-05-15,6590,6640,6463.299805,6493.75,6493.75,612357
2019-05-16,6506,6527.299805,6441.399902,6479.649902,6479.649902,555991
2019-05-17,6497,6790,6485,6706.850098,6706.850098,782196
2019-05-20,6875,7150,6860,7084.600098,7084.600098,1286198
2019-05-21,7105,7137.75,6818,6875.350098,6875.350098,973836
2019-05-22,6877.200195,6930.549805,6841,6899.799805,6899.799805,645280
2019-05-23,6996,7049.100098,6830,6929.25,6929.25,1364516
2019-05-24,6964.950195,7120,6886.75,7093.149902,7093.149902,1002742
2019-05-27,7095,7193.899902,6900.049805,7068.450195,7068.450195,1022289
2019-05-28,7067,7130,7031.5,7054.649902,7054.649902,915732
2019-05-29,7001,7009,6870,6891.450195,6891.450195,768022
2019-05-30,6890,6921,6825,6867.700195,6867.700195,850376
